zcta,population,latitude,longitude,existing_stations,existing_level1,existing_level2,existing_dcfc,dist_to_nearest_station_km,covered_by_existing
43001,2639,40.088034,-82.61393,0,0,0,0,5.161353580695707,False
43002,711,40.057262,-83.168467,0,0,0,0,1.0199962215075336,True
43003,3376,40.41354,-82.969322,0,0,0,0,9.566093649023738,False
43004,31416,40.015374,-82.804489,1,0,1,0,3.6803029105042993,True
43005,308,40.281612,-82.269007,0,0,0,0,4.640557244025245,True
43006,521,40.459754,-82.149323,0,0,0,0,10.025866773524422,False
43007,34,40.330881,-83.401894,0,0,0,0,8.528378996966163,False
43008,2419,39.933044,-82.483203,0,0,0,0,4.501931816441459,True
43009,2054,40.171458,-83.639322,0,0,0,0,8.890795821839266,False
43010,280,39.999627,-83.621903,0,0,0,0,14.38051774510367,False
43011,6978,40.303039,-82.679642,0,0,0,0,14.897019010450219,False
43013,1680,40.230616,-82.68937,0,0,0,0,14.31212859022113,False
43014,4185,40.46989,-82.249623,1,0,2,0,10.16199781204941,False
43015,59027,40.297783,-83.060168,10,0,21,6,0.5522741176235441,True
43016,44514,40.097462,-83.150204,10,0,21,0,0.2824981354314768,True
43017,41422,40.11868,-83.133129,21,0,67,13,1.4229740428632112,True
43018,82,39.953801,-82.676136,0,0,0,0,5.785261951948906,False
43019,9517,40.501987,-82.593233,2,0,3,0,4.714201436562373,True
43021,14855,40.205042,-82.876523,0,0,0,0,4.4739456288576,True
43022,3621,40.345042,-82.339812,3,0,10,1,5.960877176930039,False
43023,15772,40.075537,-82.529776,7,0,13,0,0.6275537697092373,True
43025,5500,39.970889,-82.517382,1,0,0,8,3.853621936306913,True
43026,64644,40.020519,-83.177502,10,0,18,10,2.1505848079208096,True
43027,160,40.253735,-82.522816,0,0,0,0,15.963920692672117,False
43028,8063,40.401712,-82.297266,0,0,0,0,7.526388287942589,False
43029,524,40.097477,-83.440642,0,0,0,0,12.764534034423324,False
43030,232,39.969139,-82.40575,0,0,0,0,6.411172421554797,False
43031,13900,40.162786,-82.663517,0,0,0,0,9.397257095889714,False
43033,413,39.961234,-82.599664,0,0,0,0,6.004410278280799,False
43035,35732,40.18597,-82.996343,4,0,2,8,1.6726337174966857,True
43036,326,40.352136,-83.263182,0,0,0,0,13.95075563478966,False
43037,265,40.284431,-82.32319,0,0,0,0,0.10014236669787346,True
43040,37582,40.261305,-83.358138,28,0,64,3,1.4333312663127848,True
43044,4972,40.054878,-83.550817,0,0,0,0,18.448119610006316,False
43045,1665,40.168303,-83.458762,0,0,0,0,8.35267005400727,False
43046,3128,39.901754,-82.540412,0,0,0,0,4.175311245321695,True
43050,30360,40.373976,-82.492721,2,0,4,0,2.363848242076118,True
43054,27727,40.070261,-82.802113,7,0,10,9,1.5999164414998241,True
43055,62697,40.110508,-82.378699,12,0,17,3,4.082132082002057,True
43056,17485,40.009034,-82.331779,13,0,13,14,7.833666561844067,False
43060,2385,40.222358,-83.571509,0,0,0,0,7.773205912331366,False
43061,5198,40.289506,-83.203052,0,0,0,0,9.686494461519384,False
43062,31822,40.008131,-82.685267,7,0,11,7,2.082824773512278,True
43064,17829,40.098502,-83.288166,5,0,8,2,0.7045921766479635,True
43065,45284,40.177567,-83.094156,9,0,23,3,1.2418276270340596,True
43066,1170,40.402576,-83.172895,0,0,0,0,10.963206547507742,False
43067,1655,40.343049,-83.48386,7,0,12,1,5.796494680836608,False
43068,59399,39.956185,-82.784665,7,0,12,2,1.315296540843494,True
43070,170,40.220585,-83.956489,0,0,0,0,18.20975264875125,False
43071,2424,40.180695,-82.359463,0,0,0,0,9.753141429771242,False
43072,5347,40.115162,-83.954818,0,0,0,0,17.489383080731045,False
43074,15948,40.269531,-82.850655,2,0,0,7,3.0583675253587748,True
43076,8805,39.896193,-82.391194,0,0,0,0,12.837546768371029,False
43077,278,40.13705,-83.341267,0,0,0,0,5.610853235787811,False
43078,19985,40.117098,-83.78624,2,0,2,0,3.256829524117595,True
43080,5309,40.240719,-82.429257,0,0,0,0,10.251799262760176,False
43081,64314,40.110443,-82.890646,13,0,27,0,3.274049080173477,True
43082,33799,40.155571,-82.885108,8,0,14,4,3.5170938719567646,True
43084,1077,40.150137,-83.557264,0,0,0,0,14.111975952582947,False
43085,26154,40.100924,-83.013402,9,0,15,9,0.9142514002951386,True
43101,327,39.464497,-82.746107,0,0,0,0,16.864352117727268,False
43102,3797,39.64092,-82.764982,0,0,0,0,12.312697322370227,False
43103,12981,39.732375,-82.935708,1,0,4,0,2.256102395345305,True
43105,9059,39.86676,-82.612369,0,0,0,0,10.383213489696812,False
43106,1562,39.644806,-83.418536,0,0,0,0,10.205804911189812,False
43107,3528,39.692825,-82.414529,0,0,0,0,12.875938314952919,False
43109,136,39.917249,-82.831886,0,0,0,0,0.9316375990565965,True
43110,40896,39.826682,-82.800074,6,0,9,1,3.5443020590717196,True
43111,148,39.502067,-82.2427,0,0,0,0,4.657905429042351,True
43112,4961,39.79278,-82.698409,0,0,0,0,6.73149709939306,False
43113,24314,39.58659,-82.962245,4,0,10,6,0.8165793312997174,True
43115,1840,39.489578,-83.168956,0,0,0,0,19.920960466504972,False
43116,2764,39.772755,-83.062758,0,0,0,0,8.153617461387922,False
43117,9,39.768736,-83.206074,0,0,0,0,13.213795524546123,False
43119,29423,39.940928,-83.205719,0,0,0,0,5.192454867829328,False
43123,66366,39.866721,-83.115561,13,0,23,10,2.4605122004366113,True
43125,14765,39.838052,-82.887941,6,0,14,8,4.578827062664397,True
43126,360,39.810726,-83.168258,0,0,0,0,7.916305353922802,False
43127,299,39.475597,-82.322298,0,0,0,0,7.94672791083648,False
43128,2038,39.659641,-83.593633,1,0,0,4,5.0183690137996475,False
43130,62450,39.696463,-82.614717,10,0,17,9,2.0656882620013093,True
43135,4225,39.472913,-82.713001,0,0,0,0,13.8770180477912,False
43136,2270,39.801631,-82.815387,0,0,0,0,5.880866735042075,False
43137,2188,39.8089,-82.987294,1,0,3,0,3.556003960887486,True
43138,19147,39.51834,-82.414097,7,0,10,2,2.3648948075719156,True
43140,24162,39.880108,-83.428512,4,0,8,16,2.424192471738537,True
43142,121,39.592923,-83.587788,0,0,0,0,7.302982149814806,False
43143,5609,39.712438,-83.288721,0,0,0,0,22.55040799942547,False
43144,326,39.52988,-82.195044,0,0,0,0,8.272957178972131,False
43145,2143,39.56226,-83.260058,0,0,0,0,15.62175741192059,False
43146,13325,39.773521,-83.136925,0,0,0,0,8.939455653082575,False
43147,45929,39.897782,-82.744035,8,0,12,5,1.5426595622158783,True
43148,1936,39.820316,-82.499992,0,0,0,0,13.550289673075275,False
43149,2160,39.542974,-82.577874,1,0,2,0,2.9677715280738513,True
43150,2237,39.777096,-82.409813,0,0,0,0,17.43602456451059,False
43151,223,39.733173,-83.476623,0,0,0,0,11.004860093580975,False
43152,800,39.394275,-82.615932,0,0,0,0,6.565059201742108,False
43153,1193,39.743989,-83.556692,0,0,0,0,11.006754712720033,False
43154,3447,39.60391,-82.829648,0,0,0,0,9.236454421618022,False
43155,2423,39.627314,-82.535203,0,0,0,0,4.616347719736405,True
43156,166,39.553806,-82.776293,0,0,0,0,15.180015557631545,False
43157,615,39.843016,-82.546824,0,0,0,0,10.729114964419935,False
43158,190,39.453047,-82.351192,0,0,0,0,6.975747290984323,False
43160,21966,39.52874,-83.439186,1,0,4,0,0.7451733988148783,True
43162,6647,39.9494,-83.308423,1,0,1,0,3.618377524350044,True
43164,2062,39.583733,-83.119834,0,0,0,0,14.167485295547879,False
43201,33873,39.990881,-83.00116,7,0,15,0,0.40746803909509216,True
43202,20059,40.019403,-83.014471,3,0,8,0,1.064547698005357,True
43203,9093,39.972934,-82.969167,0,0,0,0,0.8276292135519399,True
43204,43444,39.960662,-83.082542,1,0,0,6,2.00250642220129,True
43205,12400,39.957342,-82.962019,4,0,9,0,0.6716393931387553,True
43206,22026,39.942452,-82.974175,3,0,6,0,1.5467174879451802,True
43207,46810,39.895414,-82.963853,2,0,2,8,1.3936227731614301,True
43209,28431,39.953588,-82.929524,6,0,12,0,0.5347879289664244,True
43210,11853,40.006425,-83.02212,12,0,22,0,0.5217499596619276,True
43211,23003,40.011814,-82.970532,3,0,6,0,1.4344935154016125,True
43212,23092,39.986564,-83.043198,27,0,57,11,0.189781845915641,True
43213,35912,39.971201,-82.863958,8,0,12,13,1.1087786856271216,True
43214,26420,40.051734,-83.016269,18,0,34,0,2.471296729593287,True
43215,16999,39.966856,-83.01296,95,0,223,23,0.32709567426010566,True
43217,2021,39.816946,-82.934089,5,0,13,0,0.729256742136775,True
43219,32537,40.007373,-82.920654,47,0,135,5,0.7367370196092192,True
43220,29715,40.048905,-83.072189,2,0,2,0,0.5523865262353631,True
43221,35037,40.023112,-83.076127,15,0,24,2,1.5179761486137906,True
43222,4182,39.961192,-83.035484,8,0,16,0,0.8684211739054096,True
43223,27427,39.926237,-83.03305,0,0,0,0,3.5781508101998316,True
43224,44096,40.042251,-82.964434,3,0,6,0,0.2884841631767113,True
43227,25282,39.943213,-82.887646,0,0,0,0,3.247340427272275,True
43228,58607,39.964019,-83.127747,17,0,16,30,2.2321859188654707,True
43229,54237,40.08587,-82.978197,6,0,14,0,1.8215604579286784,True
43230,59522,40.038143,-82.872725,9,0,18,0,3.032930692832783,True
43231,22722,40.079392,-82.936858,3,0,2,2,1.3161585676947871,True
43232,46844,39.920977,-82.870372,3,0,3,12,3.190559927373017,True
43235,45171,40.078722,-83.082473,16,0,23,24,1.8148725625099578,True
43240,7287,40.145121,-82.98282,19,0,41,16,0.6914581671557519,True
43302,54581,40.599237,-83.130298,12,0,18,6,3.1046865086072755,True
43310,3090,40.532533,-83.779913,0,0,0,0,14.040907196404671,False
43311,20074,40.36441,-83.758426,2,2,4,0,0.5284198604432985,True
43314,2506,40.647409,-82.961225,0,0,0,0,12.597015993738351,False
43315,6996,40.483968,-82.874359,0,0,0,0,13.06619136409508,False
43316,6095,40.951821,-83.384958,0,0,0,0,16.24858778304299,False
43317,215,40.475145,-82.680931,0,0,0,0,3.4163132209466593,True
43318,4065,40.309647,-83.913182,0,0,0,0,13.466379276001764,False
43319,1118,40.302682,-83.57512,1,0,2,0,2.571879626612685,True
43320,1538,40.588576,-82.899922,0,0,0,0,15.372524328652545,False
43321,357,40.463053,-82.829033,0,0,0,0,10.21461204159044,False
43322,451,40.532546,-83.208117,0,0,0,0,5.22248364874563,False
43323,578,40.732133,-83.254734,0,0,0,0,10.917475784031717,False
43324,2804,40.444543,-83.813798,0,0,0,0,6.808057749557876,False
43325,17,40.668063,-82.831265,0,0,0,0,19.72252498596852,False
43326,12594,40.64144,-83.614776,0,0,0,0,22.521548707123543,False
43330,53,40.813493,-83.419408,0,0,0,0,11.669103685036063,False
43331,4012,40.517943,-83.921643,0,0,0,0,8.09226067550355,False
43332,1762,40.590903,-83.371544,0,0,0,0,10.880173241748308,False
43333,1013,40.432461,-83.923361,0,0,0,0,2.397921393043426,True
43334,6339,40.397947,-82.797304,1,0,0,6,4.118952863161324,True
43336,35,40.283079,-83.576613,0,0,0,0,4.625774869755401,True
43337,601,40.681312,-83.266637,1,0,2,0,8.69664881918828,False
43338,10394,40.564167,-82.760333,1,0,0,8,8.785252427863721,False
43340,2192,40.53031,-83.497923,0,0,0,0,21.754987485260465,False
43341,1005,40.595756,-83.315445,0,0,0,0,6.555449510201789,False
43342,3566,40.471236,-83.18398,0,0,0,0,11.519649582360422,False
43343,1437,40.305092,-83.995255,0,0,0,0,13.63267891590833,False
43344,6049,40.430934,-83.344615,0,0,0,0,17.560194246101233,False
43345,623,40.508496,-83.586161,0,0,0,0,20.351469741857596,False
43346,180,40.576822,-83.845209,0,0,0,0,15.235774288464082,False
43347,1088,40.477715,-83.658043,0,0,0,0,15.113446046428574,False
43348,1865,40.461198,-83.891401,7,0,14,0,1.8317497528500497,True
43350,167,40.395564,-82.699799,0,0,0,0,10.983100985415595,False
43351,10568,40.827604,-83.314046,2,0,0,13,2.6897377947010566,True
43356,900,40.45373,-83.041951,0,0,0,0,14.273044883845902,False
43357,4711,40.253523,-83.746774,2,0,4,0,4.561666909251304,True
43358,2628,40.41459,-83.537606,0,0,0,0,10.527759466479653,False
43359,616,40.869767,-83.45318,0,0,0,0,15.118315253380487,False
43360,1818,40.333139,-83.643525,0,0,0,0,5.467949296774163,False
43402,31538,41.4097,-83.653452,5,0,5,0,0.721631986100299,True
43403,4290,41.377844,-83.636555,4,0,7,0,0.47235890196782965,True
43406,1490,41.335764,-83.438605,0,0,0,0,16.022262218843796,False
43407,440,41.277159,-83.249945,0,0,0,0,11.235332428795578,False
43408,365,41.571834,-83.363479,0,0,0,0,4.455296032982546,True
43410,10365,41.31174,-82.95793,0,0,0,0,10.645929386746355,False
43412,4109,41.631291,-83.321889,1,0,0,12,10.403944172366424,False
43413,1095,41.247677,-83.660498,0,0,0,0,12.280037689790051,False
43414,175,41.451403,-83.617162,0,0,0,0,4.873314949951433,True
43416,2843,41.483937,-83.267229,1,0,2,0,2.6150786522747733,True
43420,29400,41.357927,-83.110237,4,0,6,2,2.412827280221571,True
43430,4934,41.524117,-83.375186,7,0,4,30,1.478810458013389,True
43431,4632,41.391809,-83.343718,0,0,0,0,10.027347939442091,False
43432,1272,41.563259,-83.252471,0,0,0,0,6.151670813303886,False
43434,106,41.693283,-83.444751,0,0,0,0,6.206269230019363,False
43435,1410,41.326332,-83.312052,0,0,0,0,13.215921713488473,False
43437,544,41.253957,-83.601779,0,0,0,0,13.625138397065085,False
43438,198,41.602607,-82.706506,0,0,0,0,12.201603037918527,False
43439,31,41.517587,-83.042752,0,0,0,0,8.948384584185305,False
43440,4133,41.515143,-82.771086,0,0,0,0,7.324110762437393,False
43442,787,41.425041,-83.215825,0,0,0,0,8.663926024582752,False
43443,1538,41.461331,-83.470237,0,0,0,0,8.291117788985881,False
43445,803,41.556616,-83.308937,0,0,0,0,5.086163054240646,False
43446,38,41.673836,-82.80989,0,0,0,0,12.232868853217669,False
43447,3165,41.567683,-83.433162,0,0,0,0,4.243019599108462,True
43449,8053,41.534376,-83.13557,2,0,3,0,4.4612449600342465,True
43450,3602,41.400871,-83.491254,0,0,0,0,11.360872474195327,False
43451,1003,41.318294,-83.618453,0,0,0,0,6.365870533391377,False
43452,14052,41.506464,-82.953329,5,0,7,4,7.857174457641343,False
43456,749,41.650592,-82.826828,0,0,0,0,9.414963646598395,False
43457,1199,41.267878,-83.425065,0,0,0,0,10.307492708690942,False
43458,274,41.530446,-83.213365,0,0,0,0,6.862092908074771,False
43460,6157,41.604817,-83.561032,1,0,0,12,4.543127262648219,True
43462,1032,41.283785,-83.722865,0,0,0,0,11.63774771172799,False
43463,478,41.511458,-83.505088,0,0,0,0,4.566812080009882,True
43464,1861,41.415984,-82.922143,0,0,0,0,11.500758859709642,False
43465,5645,41.565472,-83.500302,0,0,0,0,4.6854022429725966,True
43466,2708,41.29233,-83.513933,0,0,0,0,12.98252723783953,False
43467,92,41.243263,-83.490878,0,0,0,0,9.346740158289021,False
43468,544,41.599737,-83.34662,0,0,0,0,7.635532550204349,False
43469,2991,41.460369,-83.36455,0,0,0,0,3.2875290287200065,True
43501,761,41.672655,-84.461796,0,0,0,0,8.711906666254134,False
43502,6916,41.532649,-84.303124,2,0,3,0,4.26775484067555,True
43504,1086,41.697526,-83.834178,1,0,3,0,9.40041584821664,False
43505,143,41.524228,-84.730909,0,0,0,0,12.482190307384764,False
43506,14691,41.466211,-84.557133,0,0,0,0,19.60534725314278,False
43510,71,41.464838,-83.9471,0,0,0,0,14.2150645075805,False
43511,918,41.2638,-83.823732,0,0,0,0,18.87204684660377,False
43512,27894,41.303378,-84.358279,3,0,1,3,0.13741103479417305,True
43515,8139,41.586912,-84.010042,0,0,0,0,10.842119950275885,False
43516,3014,41.214903,-83.915242,0,0,0,0,22.994682612261425,False
43517,3438,41.433945,-84.72855,0,0,0,0,16.856127622146982,False
43518,3003,41.596488,-84.757748,1,0,0,4,4.157800316250369,True
43519,339,41.419465,-84.406872,0,0,0,0,9.663125221255624,False
43520,23,41.380047,-84.635669,0,0,0,0,15.602325846918497,False
43521,2703,41.660489,-84.297994,0,0,0,0,10.879982764311151,False
43522,3621,41.42031,-83.832402,0,0,0,0,15.072778727206277,False
43523,43,41.338748,-83.998652,0,0,0,0,11.817050176160903,False
43524,1012,41.227059,-84.038511,0,0,0,0,18.590951684031154,False
43525,1245,41.466681,-83.701137,0,0,0,0,6.974532588978085,False
43526,6270,41.312072,-84.730847,1,0,1,2,4.652530058313052,True
43527,2092,41.246109,-84.157502,0,0,0,0,11.889535659233324,False
43528,16702,41.628855,-83.749575,1,0,2,0,4.829266892302607,True
43529,341,41.1904,-83.78491,0,0,0,0,11.967079816195755,False
43531,219,41.635044,-84.495666,0,0,0,0,8.015250608957926,False
43532,3500,41.449074,-83.964344,0,0,0,0,12.27337513032412,False
43533,1533,41.691874,-84.081534,0,0,0,0,15.706370294676514,False
43534,1501,41.349611,-83.926981,0,0,0,0,16.632819978007824,False
43535,836,41.305899,-84.024153,0,0,0,0,12.451387073074,False
43536,252,41.313445,-84.634004,0,0,0,0,12.14119362164223,False
43537,29639,41.574823,-83.686622,9,0,17,18,0.8576912621512555,True
43540,1487,41.68871,-83.944492,0,0,0,0,15.663988591096311,False
43541,240,41.300739,-83.829661,0,0,0,0,16.816376156813174,False
43542,4485,41.566408,-83.765308,0,0,0,0,4.506057123667266,True
43543,7476,41.606489,-84.645346,0,0,0,0,10.46983666181422,False
43545,14388,41.392249,-84.128288,5,0,2,7,0.5292524056616836,True
43547,616,41.49216,-83.876316,0,0,0,0,12.631803764688089,False
43548,868,41.188665,-84.172959,0,0,0,0,18.036220790035753,False
43549,1374,41.369314,-84.531144,0,0,0,0,13.758994728046765,False
43551,43568,41.518596,-83.579118,8,0,14,4,3.1947450153309354,True
43553,430,41.530662,-84.217902,0,0,0,0,7.557369233645589,False
43554,2035,41.658421,-84.563491,0,0,0,0,14.221067333146571,False
43555,227,41.437778,-84.25579,0,0,0,0,3.7657114663904903,True
43556,1746,41.303304,-84.563729,0,0,0,0,12.145257691009444,False
43557,3219,41.487398,-84.392482,0,0,0,0,7.13390334444574,False
43558,12961,41.593972,-83.878653,1,0,4,0,6.021205264951512,False
43560,32950,41.700591,-83.738852,2,0,4,0,3.1267119014783664,True
43565,314,41.420445,-83.740106,0,0,0,0,7.385355841121222,False
43566,8350,41.491623,-83.756052,0,0,0,0,10.177742083901544,False
43567,12879,41.580345,-84.161065,1,0,0,1,3.5273432630228663,True
43569,2804,41.349767,-83.789426,0,0,0,0,11.463691509741935,False
43570,2819,41.586056,-84.441036,4,0,0,24,3.2933760535328553,True
43571,7166,41.514181,-83.813649,0,0,0,0,8.778708546543742,False
43604,9708,41.652389,-83.538897,18,0,31,1,0.2892595893340485,True
43605,24432,41.648026,-83.506863,0,0,0,0,1.7866676799735297,True
43606,24630,41.673136,-83.611414,7,0,17,0,1.270879898461467,True
43607,19969,41.648634,-83.604132,1,0,2,0,0.6720851619382917,True
43608,14158,41.679872,-83.528913,1,0,0,4,0.8314471442952027,True
43609,20495,41.628256,-83.57868,0,0,0,0,3.0122382963907586,True
43610,4057,41.677783,-83.561453,0,0,0,0,2.1730490350464176,True
43611,18863,41.703247,-83.486642,0,0,0,0,2.7670354543125186,True
43612,28231,41.715635,-83.550946,2,0,4,12,1.3734210603629429,True
43613,30597,41.706228,-83.603714,1,0,2,0,2.1111285036276124,True
43614,29396,41.60446,-83.627515,0,0,0,0,2.001695107776123,True
43615,40813,41.649728,-83.671959,7,0,14,8,2.1010672410226197,True
43616,20420,41.658372,-83.408909,1,0,0,4,6.455519976984355,False
43617,8586,41.664195,-83.728053,4,0,6,12,1.1439658175885357,True
43619,7151,41.603711,-83.47049,1,0,2,0,1.701205172813558,True
43620,5039,41.665178,-83.554722,0,0,0,0,0.8620400267401066,True
43623,20360,41.702956,-83.650077,2,0,6,4,2.55641654359786,True
43701,55674,39.963961,-81.995711,7,0,4,11,2.3620231855012404,True
43713,6511,39.989862,-81.173715,0,0,0,0,12.891557617772445,False
43716,1970,39.829224,-81.011909,0,0,0,0,25.711668657496826,False
43717,166,39.789327,-81.554711,0,0,0,0,6.167302443925002,False
43718,2810,40.015007,-80.998096,1,0,0,4,6.641155051446033,False
43719,2471,39.99551,-81.09328,0,0,0,0,7.844277010139802,False
43720,1105,39.796093,-81.876456,0,0,0,0,18.982842561515472,False
43721,316,39.949259,-82.260167,0,0,0,0,16.848053874791297,False
43722,657,39.919311,-81.519962,0,0,0,0,5.752220168437682,False
43723,4490,39.960762,-81.541728,1,0,0,4,1.2082646648739712,True
43724,9007,39.720894,-81.498682,1,0,0,4,3.1392018077043993,True
43725,19728,40.039607,-81.601202,5,0,4,20,2.9728351615018864,True
43727,1176,39.875689,-81.800241,0,0,0,0,11.401826429218726,False
43728,1175,39.480162,-81.895132,0,0,0,0,20.309437854803672,False
43730,2718,39.639168,-82.092226,0,0,0,0,14.194086849927533,False
43731,4982,39.733139,-82.058314,0,0,0,0,13.824259751622494,False
43732,1837,39.842747,-81.659465,0,0,0,0,16.193075603951705,False
43733,69,39.927387,-81.538035,0,0,0,0,4.7394391008161,True
43734,1824,39.882489,-81.913656,0,0,0,0,9.358483848446685,False
43735,497,39.857167,-82.114141,0,0,0,0,12.771416652372126,False
43736,23,40.057683,-81.236607,0,0,0,0,15.742123154084732,False
43738,130,39.855347,-82.140488,0,0,0,0,14.598412950752456,False
43739,2743,39.903136,-82.28631,0,0,0,0,18.869933463327374,False
43740,264,39.951429,-82.217201,0,0,0,0,16.925897614106262,False
43746,1128,39.965416,-82.183858,0,0,0,0,13.799079172312636,False
43747,1457,39.860809,-81.124896,0,0,0,0,22.84516873218762,False
43748,2955,39.692383,-82.316294,0,0,0,0,8.903368894493152,False
43749,2177,40.155641,-81.555888,0,0,0,0,10.498025595505876,False
43750,144,39.996873,-81.513176,0,0,0,0,3.4871920239861938,True
43754,1597,39.753956,-81.243275,0,0,0,0,24.41878737697255,False
43755,1561,40.053294,-81.432363,1,0,2,0,5.03032768808064,False
43756,5747,39.691749,-81.795492,0,0,0,0,23.4360255577156,False
43758,2900,39.627856,-81.94544,0,0,0,0,25.631131067482162,False
43759,224,40.063059,-81.070519,0,0,0,0,1.686590926927861,True
43760,1564,39.888265,-82.193224,0,0,0,0,16.82762076959631,False
43761,43,39.66833,-82.148252,0,0,0,0,8.457655054256477,False
43762,5098,40.029956,-81.739992,1,0,2,0,5.356211711946282,False
43764,7971,39.713305,-82.180583,1,0,2,0,3.421908778000199,True
43766,1253,39.593199,-82.252838,0,0,0,0,14.528914205743508,False
43767,1233,40.014251,-81.80783,1,0,1,0,4.3727315586894555,True
43768,256,40.037761,-81.444709,0,0,0,0,6.082573498266368,False
43771,2225,39.835562,-81.945402,0,0,0,0,12.412635710834772,False
43772,1628,39.88606,-81.526625,0,0,0,0,9.34416804186059,False
43773,2798,39.982044,-81.298757,0,0,0,0,18.703474444074857,False
43777,4435,39.829116,-82.104103,0,0,0,0,14.600358978873171,False
43778,1595,40.010159,-81.368797,0,0,0,0,12.199551686393539,False
43779,783,39.81957,-81.427766,0,0,0,0,12.500504925581932,False
43780,2187,39.908693,-81.437952,0,0,0,0,10.651574332173242,False
43782,392,39.621795,-82.212467,0,0,0,0,11.076526714049553,False
43783,5031,39.80448,-82.278581,0,0,0,0,10.551916110170465,False
43786,75,39.710868,-81.277046,0,0,0,0,21.679153409893658,False
43787,2681,39.523964,-81.801822,0,0,0,0,29.199382543139578,False
43788,615,39.805526,-81.333948,0,0,0,0,18.224211269907133,False
43791,38,39.877616,-82.08858,0,0,0,0,9.623399345502696,False
43793,4879,39.745149,-81.096102,0,0,0,0,35.042108559737706,False
43802,1402,40.091161,-81.852057,0,0,0,0,12.961976874152786,False
43804,3503,40.450845,-81.740914,0,0,0,0,17.625010020617527,False
43805,294,40.389985,-81.971796,0,0,0,0,14.945547641388844,False
43811,491,40.192157,-81.943009,0,0,0,0,10.45645768431822,False
43812,18716,40.263839,-81.880915,3,0,6,0,1.4126318701537217,True
43821,4282,40.136752,-82.000512,1,0,2,0,2.6122474584094566,True
43822,4520,40.181432,-82.158408,0,0,0,0,13.370118352808616,False
43824,4189,40.36391,-81.758449,0,0,0,0,9.87478664913474,False
43830,6502,40.06282,-82.137472,0,0,0,0,11.680236465147512,False
43832,7088,40.27335,-81.578178,0,0,0,0,10.84118618366299,False
43836,85,40.208699,-81.718579,0,0,0,0,8.559277861984919,False
43837,1819,40.298402,-81.47793,0,0,0,0,19.3220688952947,False
43840,1666,40.403581,-81.603858,0,0,0,0,14.923380867687067,False
43842,212,40.137444,-82.011816,0,0,0,0,2.0965777819889135,True
43843,577,40.349011,-82.17561,0,0,0,0,4.880096210897963,True
43844,3802,40.333655,-82.051059,0,0,0,0,14.689969275523454,False
43845,4780,40.264908,-81.731279,1,0,3,0,3.150853425244831,True
43901,2159,40.216723,-80.866199,0,0,0,0,15.515818188145,False
43902,114,39.88285,-80.951993,0,0,0,0,21.291364099864293,False
43903,2241,40.472134,-80.973297,0,0,0,0,23.042156594849562,False
43905,645,40.11417,-80.833284,0,0,0,0,5.154321843819353,False
43906,7888,40.011095,-80.808694,0,0,0,0,7.850882495540266,False
43907,4814,40.248449,-81.019659,0,0,0,0,18.18547901551301,False
43908,1065,40.506269,-80.874019,0,0,0,0,27.223577356649024,False
43909,38,40.067659,-80.814932,0,0,0,0,3.57446594122782,True
43910,3195,40.372682,-80.826332,0,0,0,0,18.149101278392557,False
43912,5852,40.090804,-80.79258,0,0,0,0,5.862620840483257,False
43913,1065,40.26823,-80.637584,0,0,0,0,10.839900839430596,False
43915,1305,39.745732,-80.931569,0,0,0,0,36.248630823443854,False
43917,2647,40.215338,-80.792808,0,0,0,0,16.78283482120917,False
43920,21124,40.677227,-80.594299,1,0,2,0,6.721514432315103,False
43925,65,40.445981,-80.862313,0,0,0,0,23.04757676281356,False
43926,270,40.509103,-80.621739,0,0,0,0,12.681560745377706,False
43928,114,40.013155,-80.882866,0,0,0,0,6.850410672882612,False
43930,1090,40.563211,-80.762834,0,0,0,0,16.788004111045577,False
43931,132,39.672931,-80.872071,0,0,0,0,44.32749162411767,False
43932,1147,40.528597,-80.746253,0,0,0,0,17.375932269766217,False
43933,2076,39.935227,-80.8958,0,0,0,0,15.504765049963824,False
43934,72,40.076093,-80.793756,0,0,0,0,5.377118710753491,False
43935,7918,40.120281,-80.739832,0,0,0,0,11.326110011923479,False
43938,5448,40.298534,-80.674994,0,0,0,0,8.98966942388628,False
43939,313,40.16717,-80.80002,0,0,0,0,11.687118412816146,False
43940,378,40.028974,-80.827299,0,0,0,0,5.338542307143046,False
43942,2087,39.861027,-80.854883,0,0,0,0,23.393124016498668,False
43943,3288,40.208931,-80.732289,0,0,0,0,18.590822073106228,False
43944,2562,40.436037,-80.771727,0,0,0,0,15.69964001502396,False
43945,2620,40.631988,-80.850107,0,0,0,0,18.423347809276272,False
43946,1501,39.648277,-80.974823,0,0,0,0,46.076963415553564,False
43947,4894,39.955025,-80.791533,0,0,0,0,14.078839634317529,False
43948,638,40.268346,-80.779965,0,0,0,0,17.733083733798008,False
43950,16422,40.096948,-80.924704,2,0,1,2,4.945014678210771,True
43951,37,40.114361,-81.011812,0,0,0,0,7.081535346345601,False
43952,17775,40.409127,-80.665297,1,0,1,0,6.741522509291957,False
43953,11857,40.352415,-80.702489,0,0,0,0,7.735996461842183,False
43961,230,40.523512,-80.630385,0,0,0,0,11.424432268412849,False
43962,63,40.673011,-80.889208,0,0,0,0,16.03167060410645,False
43963,1191,40.171369,-80.696907,0,0,0,0,17.551576115796813,False
43964,9061,40.480902,-80.662475,0,0,0,0,13.692214213865944,False
43967,187,40.02653,-80.946227,0,0,0,0,8.434005783176623,False
43968,6445,40.632407,-80.683847,0,0,0,0,9.104027859991318,False
43971,1015,40.159103,-80.713361,0,0,0,0,15.60683980252584,False
43972,104,40.101754,-80.973719,0,0,0,0,8.194595261543382,False
43973,2341,40.190266,-81.276328,0,0,0,0,17.931276560070362,False
43974,109,40.182205,-80.887645,0,0,0,0,11.73824721521658,False
43976,1432,40.378004,-80.904709,0,0,0,0,24.81156662628266,False
43977,2576,40.148386,-81.114083,0,0,0,0,11.324097886330046,False
43981,171,40.18442,-80.994283,0,0,0,0,14.83317836804614,False
43983,651,40.137138,-81.199038,0,0,0,0,15.289176266855993,False
43985,237,40.161779,-81.13209,0,0,0,0,13.373309771225529,False
43986,1657,40.383265,-80.990452,0,0,0,0,18.189960379075384,False
43988,2364,40.404394,-81.098229,1,0,2,0,11.050952239735533,False
44001,21123,41.366331,-82.259924,1,0,1,0,5.540289392972503,False
44003,4379,41.615711,-80.585657,0,0,0,0,25.534312268265868,False
44004,31076,41.855938,-80.790536,0,0,0,0,9.200114851554954,False
44010,1424,41.765276,-80.847485,3,0,2,4,2.2243314492105712,True
44011,25082,41.4451,-82.005109,6,0,8,24,2.2297999925253964,True
44012,25456,41.49727,-82.017462,3,0,6,2,0.44763811600060865,True
44017,18378,41.370548,-81.861757,3,0,6,0,0.5904657100926631,True
44021,5739,41.44326,-81.144465,2,0,2,4,3.165162599309512,True
44022,16559,41.446249,-81.402969,0,0,0,0,5.406176547882222,False
44023,18905,41.384807,-81.285741,0,0,0,0,8.320504303541732,False
44024,24376,41.578209,-81.19126,3,0,4,2,1.1720676757326645,True
44026,10722,41.528147,-81.324706,0,0,0,0,9.466342251045779,False
44028,9313,41.300523,-81.937418,0,0,0,0,8.576363934967933,False
44030,16317,41.903318,-80.579879,0,0,0,0,5.642893005963678,False
44032,2254,41.669245,-80.67011,0,0,0,0,18.73518034110727,False
44035,62024,41.370046,-82.135976,11,0,16,13,2.342901491562532,True
44039,36235,41.383524,-82.020667,4,0,2,15,0.356612167710712,True
44040,3032,41.530992,-81.411153,0,0,0,0,2.3837276703580836,True
44041,13992,41.777028,-80.949955,4,0,10,0,0.5152439787684172,True
44044,14422,41.266284,-82.04179,1,0,2,0,1.3659196811715963,True
44045,564,41.743895,-81.286268,0,0,0,0,4.025150649044911,True
44046,1670,41.541516,-81.080263,0,0,0,0,9.02418650793582,False
44047,8379,41.727931,-80.735874,0,0,0,0,11.852445451511274,False
44048,2336,41.850255,-80.639309,0,0,0,0,8.153004259615276,False
44049,230,41.266529,-82.305788,0,0,0,0,7.637821885412651,False
44050,7204,41.248733,-82.1282,0,0,0,0,6.7105287257001365,False
44052,28067,41.460687,-82.167946,0,0,0,0,5.614061970282673,False
44053,21257,41.430125,-82.222205,2,0,12,0,1.4154985711902384,True
44054,12733,41.4716,-82.090338,3,0,1,12,2.554724066746912,True
44055,19870,41.434058,-82.134095,0,0,0,0,3.501713121030892,True
44056,12142,41.314919,-81.501633,1,0,0,6,1.2891069702318068,True
44057,19491,41.760117,-81.060305,2,0,2,2,0.9393475161086274,True
44060,60257,41.67653,-81.328167,16,0,18,20,0.9629119730552819,True
44062,16335,41.451056,-81.034637,1,0,2,0,3.5966341290486867,True
44064,1270,41.598063,-81.032323,0,0,0,0,12.490688407187033,False
44065,3987,41.454775,-81.22918,0,0,0,0,6.384009412449097,False
44067,19917,41.313073,-81.543821,2,0,4,0,2.242957500580877,True
44068,132,41.90621,-80.678814,1,0,1,0,3.5747580218535013,True
44070,32031,41.414929,-81.919131,2,0,2,6,1.1698351857196678,True
44072,5028,41.471152,-81.32492,0,0,0,0,11.107217777051241,False
44074,11684,41.289038,-82.235963,9,0,18,1,1.3368836583604347,True
44076,4878,41.528147,-80.81475,0,0,0,0,13.71006030092972,False
44077,57947,41.697563,-81.20974,2,0,2,1,4.055745834244675,True
44080,73,41.368405,-81.057809,0,0,0,0,9.634608323657874,False
44081,6945,41.763938,-81.143104,0,0,0,0,7.771147684060759,False
44082,1544,41.761873,-80.567535,0,0,0,0,19.016927984639008,False
44084,3965,41.671378,-80.899101,1,0,2,0,3.8458123704794662,True
44085,3400,41.603272,-80.874544,0,0,0,0,4.033858016364196,True
44086,2405,41.675726,-81.058597,0,0,0,0,9.387338401004516,False
44087,21930,41.317111,-81.443521,2,0,6,7,0.7692076825395489,True
44089,15873,41.392084,-82.377455,0,0,0,0,12.065800444819555,False
44090,10341,41.167482,-82.22838,0,0,0,0,10.88750460198731,False
44092,17476,41.596188,-81.470954,4,0,4,0,2.0774307076397736,True
44093,1180,41.536159,-80.61325,0,0,0,0,25.728452350509077,False
44094,36689,41.610724,-81.379324,13,0,18,10,3.1425739481274397,True
44095,32508,41.652326,-81.441721,1,0,0,12,3.2901590746268683,True
44099,2361,41.549203,-80.983287,0,0,0,0,12.414647362488703,False
44101,621,41.489929,-81.671842,0,0,0,0,0.33489598942956217,True
44102,40178,41.479281,-81.736378,2,0,4,0,1.0558450545433777,True
44103,13776,41.516323,-81.642908,9,0,13,18,0.6438517783327886,True
44104,19716,41.482409,-81.627043,1,0,2,0,1.876583664008422,True
44105,33358,41.449858,-81.632098,1,0,4,0,3.3751018604325034,True
44106,24704,41.505341,-81.605432,7,0,26,0,0.05716843383780337,True
44107,50384,41.486189,-81.801047,15,0,24,2,0.1698520778483027,True
44108,20579,41.54148,-81.612482,0,0,0,0,2.936348294117662,True
44109,38098,41.444141,-81.698357,3,0,6,0,1.5498603094264556,True
44110,17979,41.568628,-81.566326,1,0,2,0,1.4569311362276296,True
44111,39950,41.457782,-81.789892,0,0,0,0,1.6420939803623777,True
44112,18493,41.535841,-81.574143,0,0,0,0,3.3995494547639726,True
44113,19619,41.483241,-81.697166,20,0,50,1,0.20768601915088558,True
44114,7472,41.52025,-81.678617,6,0,16,0,1.7578994955943565,True
44115,10389,41.493539,-81.671188,10,0,19,0,0.14246875955251137,True
44116,21527,41.473072,-81.853825,3,0,4,1,0.5649542230420733,True
44117,9350,41.570651,-81.526412,1,0,0,3,1.653593948020718,True
44118,40389,41.502337,-81.556571,1,0,2,0,1.6923136918264885,True
44119,13495,41.588256,-81.548746,1,0,6,0,1.2120072018675663,True
44120,34274,41.473288,-81.58088,5,0,8,0,1.4154840221141336,True
44121,32668,41.526243,-81.532433,6,0,12,0,0.9734658481504325,True
44122,36960,41.469472,-81.512415,13,0,27,16,1.1252754232994358,True
44123,18391,41.604699,-81.524123,3,0,6,0,0.6298492179606665,True
44124,40046,41.49888,-81.470711,4,0,6,4,1.5413343190817403,True
44125,29366,41.405777,-81.609715,2,0,4,0,1.3105000623298482,True
44126,17012,41.442665,-81.852734,1,0,2,0,0.5375099121707884,True
44127,4399,41.471013,-81.648805,0,0,0,0,1.8210351528430768,True
44128,27611,41.439887,-81.538531,4,0,7,1,1.0737584507234452,True
44129,28607,41.390459,-81.7353,1,0,2,1,0.6933184188233061,True
44130,49778,41.376642,-81.787317,7,0,13,1,1.1228352198277005,True
44131,20619,41.383276,-81.65469,2,0,8,1,1.738590839806789,True
44132,13985,41.606424,-81.497217,0,0,0,0,1.8086776445502415,True
44133,31045,41.315918,-81.748063,1,0,2,0,2.6747223176252173,True
44134,38231,41.38341,-81.702612,1,0,0,12,2.5672108917254244,True
44135,27591,41.423588,-81.82593,2,0,2,12,1.491835608794743,True
44136,25068,41.312466,-81.809769,9,0,12,18,0.634093367448386,True
44137,23385,41.409027,-81.562762,0,0,0,0,1.044248157547415,True
44138,23129,41.373671,-81.922993,0,0,0,0,4.201840211263773,True
44139,24754,41.383262,-81.444249,3,0,8,0,1.2015019783799716,True
44140,15992,41.487771,-81.928891,2,0,4,0,0.5310292580156959,True
44141,13954,41.299668,-81.616506,2,0,14,0,1.2686859057575426,True
44142,18359,41.398832,-81.828543,3,0,3,1,0.943345355010139,True
44143,24337,41.553196,-81.474346,6,0,8,3,2.6736354904104043,True
44144,21266,41.437286,-81.739814,4,0,6,8,0.2716980779192338,True
44145,34036,41.449531,-81.930162,4,0,9,0,0.813967312304323,True
44146,29474,41.381223,-81.529226,8,0,15,2,1.2632476989280856,True
44147,19768,41.318156,-81.679262,6,0,6,25,0.9052199277374159,True
44149,21042,41.311458,-81.853087,0,0,0,0,1.431938060319112,True
44201,6928,41.02866,-81.184283,0,0,0,0,12.51638299106253,False
44202,22857,41.316634,-81.342178,7,0,12,2,0.40352090068453284,True
44203,38705,41.020135,-81.63068,0,0,0,0,6.587335027478731,False
44212,45817,41.244488,-81.828842,2,0,0,7,2.310974023067002,True
44214,2362,40.951923,-81.999753,1,0,0,4,5.26225048619337,False
44215,2574,41.071986,-81.89922,0,0,0,0,4.9699857168876465,True
44216,9461,40.945779,-81.581744,0,0,0,0,8.504775320694293,False
44217,3633,40.952216,-81.913482,0,0,0,0,8.7948007171026,False
44221,29342,41.139266,-81.474873,3,0,8,2,0.3985043698807957,True
44223,18373,41.169665,-81.531057,3,0,5,0,1.9146970378772137,True
44224,38512,41.176261,-81.436523,6,0,14,0,0.9097122275068232,True
44230,8225,40.962103,-81.690327,0,0,0,0,6.691129557889897,False
44231,8702,41.302963,-81.070474,3,0,5,0,2.95144502621533,True
44233,8073,41.249087,-81.737867,0,0,0,0,4.708938245096762,True
44234,4078,41.325883,-81.152253,0,0,0,0,6.149026323224582,False
44235,1369,41.031108,-82.116704,0,0,0,0,7.794658781402346,False
44236,26114,41.246089,-81.44909,4,0,8,0,0.8358065167749212,True
44240,37889,41.132956,-81.342432,18,0,32,24,1.2073424889658875,True
44241,18355,41.242586,-81.347721,3,0,4,1,0.21010345178186615,True
44243,5010,41.147842,-81.340464,4,0,6,0,0.22774772996729392,True
44250,1604,41.020952,-81.433138,0,0,0,0,5.998422512002732,False
44251,997,41.02819,-81.927641,0,0,0,0,5.3258388294296,False
44253,3781,41.162775,-82.033342,0,0,0,0,9.65808639607658,False
44254,4857,41.045359,-82.01245,1,0,6,0,1.044142376760982,True
44255,7043,41.286688,-81.229104,0,0,0,0,10.050706894544925,False
44256,64606,41.141354,-81.859522,6,0,16,1,0.5272234065953842,True
44260,12733,41.035186,-81.338442,0,0,0,0,8.303922142880753,False
44262,5019,41.139576,-81.436058,1,0,2,0,1.0519462948351994,True
44264,3599,41.229771,-81.540489,1,0,2,0,4.161078496070114,True
44266,32301,41.16897,-81.196962,0,0,0,0,11.810540630772422,False
44270,8138,40.960943,-81.774537,1,0,0,1,3.166873000785661,True
44272,6064,41.089759,-81.180523,0,0,0,0,14.351644149182178,False
44273,7124,41.027999,-81.877935,1,0,0,12,1.3782249103092195,True
44274,95,41.099446,-81.728537,0,0,0,0,5.780428319680943,False
44275,3190,41.097181,-82.105641,6,0,12,0,1.5468417830101597,True
44276,1725,40.93973,-81.836018,0,0,0,0,8.182622742871816,False
44278,18602,41.092626,-81.42001,4,0,8,0,1.0135892242057978,True
44280,5372,41.240261,-81.927779,0,0,0,0,10.499828751335766,False
44281,34073,41.0598,-81.740386,3,0,5,1,1.8510111818676989,True
44285,97,41.16264,-81.059593,0,0,0,0,12.67617047258522,False
44286,6151,41.233132,-81.643941,1,0,4,0,1.6174277361808915,True
44287,7892,40.940215,-82.104486,0,0,0,0,11.107759574912194,False
44288,3555,41.239078,-81.076039,0,0,0,0,4.183384124698205,True
44301,14081,41.04349,-81.524017,1,0,0,1,1.5213205216134413,True
44302,5302,41.08945,-81.538489,8,0,15,0,0.7676432405141547,True
44303,7721,41.10447,-81.537358,2,0,2,1,1.3620424565718696,True
44304,3669,41.085888,-81.509129,0,0,0,0,0.5904214321953531,True
44305,20570,41.076637,-81.462675,1,0,2,0,1.9200189612908865,True
44306,20986,41.039215,-81.483159,0,0,0,0,2.809341894647489,True
44307,6336,41.069221,-81.546525,5,0,14,0,1.5430181903905522,True
44308,1261,41.081805,-81.517451,7,0,13,0,0.16084082712952805,True
44310,24420,41.109156,-81.499983,0,0,0,0,2.5943915990193553,True
44311,7580,41.064227,-81.520446,0,0,0,0,1.6476981990261,True
44312,30739,41.006513,-81.438547,4,0,5,3,4.407737470281034,True
44313,27680,41.130094,-81.573169,3,0,3,4,1.736595693549018,True
44314,17292,41.040756,-81.557908,0,0,0,0,2.0295958347526097,True
44319,21469,40.986326,-81.531138,0,0,0,0,3.3016796064206093,True
44320,18134,41.07314,-81.582414,2,0,3,0,1.1622138300795986,True
44321,15743,41.100689,-81.647946,3,0,2,14,2.086938348700367,True
44325,853,41.076124,-81.512285,0,0,0,0,0.9174336577272774,True
44333,19884,41.164952,-81.633826,6,0,13,3,1.3192430136093531,True
44401,2565,41.027176,-80.938225,0,0,0,0,10.985609743840914,False
44402,2588,41.397995,-80.852844,0,0,0,0,12.986646345392266,False
44403,3766,41.240521,-80.582656,0,0,0,0,6.565666142504625,False
44404,1712,41.324106,-80.556627,0,0,0,0,15.79360251911841,False
44405,7834,41.077984,-80.592359,0,0,0,0,5.2274935154138,False
44406,22297,41.01088,-80.770396,2,0,4,0,2.8106780115621395,True
44408,10924,40.884987,-80.68794,3,0,3,2,0.5051115627526358,True
44410,16467,41.346299,-80.727712,1,0,0,12,8.623339714073936,False
44411,2121,41.047698,-81.059303,0,0,0,0,15.03311475970409,False
44412,3073,41.09417,-81.023487,0,0,0,0,14.619221642332482,False
44413,7329,40.844757,-80.548689,0,0,0,0,10.983336848040736,False
44415,394,40.770656,-80.704549,0,0,0,0,5.999850553447283,False
44417,1423,41.43316,-80.663287,0,0,0,0,19.67131732647812,False
44418,1198,41.306912,-80.60462,0,0,0,0,12.178452976053727,False
44420,15066,41.169929,-80.671496,3,0,0,16,3.344364554387916,True
44423,2515,40.74852,-80.895947,0,0,0,0,11.23647958997736,False
44424,84,41.322011,-80.58324,0,0,0,0,14.625513571903612,False
44425,13329,41.168852,-80.578164,1,0,0,4,1.6881662531308765,True
44427,1484,40.713736,-80.961667,0,0,0,0,17.889876254027456,False
44428,3196,41.430846,-80.585193,0,0,0,0,23.252170520178485,False
44429,2361,41.095128,-80.974159,0,0,0,0,10.485175455236634,False
44430,4554,41.237896,-80.910764,0,0,0,0,7.6807754163317705,False
44431,4607,40.837609,-80.751064,0,0,0,0,5.92246822489526,False
44432,12029,40.749809,-80.749876,1,0,2,0,4.541404261645663,True
44436,3121,41.058684,-80.535073,0,0,0,0,10.466028816191598,False
44437,3900,41.15594,-80.729884,0,0,0,0,1.5458258379525445,True
44438,5045,41.239654,-80.53066,0,0,0,0,7.130880738079681,False
44439,482,41.454357,-80.955505,0,0,0,0,10.059494690467416,False
44440,4932,41.136876,-80.806286,0,0,0,0,4.309606770953387,True
44441,1564,40.755333,-80.548808,0,0,0,0,15.450034288701135,False
44442,3856,40.966173,-80.546111,0,0,0,0,4.362621187751256,True
44443,1950,40.921002,-80.590583,4,0,0,24,2.004299031479397,True
44444,9306,41.175636,-80.977665,0,0,0,0,13.664381311653274,False
44445,3067,40.84777,-80.617109,0,0,0,0,7.503636619377055,False
44446,20014,41.189531,-80.747534,0,0,0,0,3.787022026354684,True
44449,1362,40.974814,-81.022475,0,0,0,0,10.356820025484605,False
44450,2217,41.445707,-80.81962,0,0,0,0,18.08686720262131,False
44451,2886,41.079368,-80.868193,2,0,1,4,2.7594475812962678,True
44452,2661,40.947372,-80.664007,0,0,0,0,5.754441914525116,False
44454,806,40.923729,-80.545358,0,0,0,0,3.806813710839004,True
44455,1662,40.7723,-80.610166,0,0,0,0,13.764982025623434,False
44460,25289,40.902815,-80.868743,2,0,3,0,3.662031188471721,True
44470,4074,41.30031,-80.972747,0,0,0,0,10.531235799556448,False
44471,10296,41.051053,-80.590566,0,0,0,0,6.127681752046643,False
44473,4106,41.246554,-80.662661,0,0,0,0,4.642747247280142,True
44481,10287,41.176592,-80.902499,1,0,2,0,9.542067522118273,False
44483,25602,41.26359,-80.817044,3,0,1,3,2.26735380310929,True
44484,21634,41.235541,-80.74975,6,0,8,4,1.4049759749783715,True
44485,15194,41.240379,-80.847801,0,0,0,0,2.481336346580914,True
44490,696,40.900361,-80.768289,0,0,0,0,4.768143474876738,True
44491,3683,41.369969,-80.96365,0,0,0,0,13.742407662100186,False
44493,119,40.82192,-80.888597,0,0,0,0,10.375588981181556,False
44502,9369,41.082788,-80.639487,3,0,6,0,2.2484603872768125,True
44503,970,41.099326,-80.649074,1,0,2,0,0.45541165709052106,True
44504,5185,41.123512,-80.654651,1,0,2,0,1.1165418092475141,True
44505,16449,41.12792,-80.617554,0,0,0,0,3.677623691015215,True
44506,2214,41.093003,-80.626397,0,0,0,0,1.923393218127303,True
44507,4402,41.074284,-80.655445,0,0,0,0,3.1198334748339707,True
44509,10775,41.110908,-80.697158,0,0,0,0,3.180104339899367,True
44510,2091,41.122254,-80.673433,0,0,0,0,1.5700379970178173,True
44511,18919,41.069085,-80.696703,0,0,0,0,4.752554540950971,True
44512,33018,41.025937,-80.666955,9,0,10,6,1.0118021817066627,True
44514,23632,40.995891,-80.608267,0,0,0,0,4.579708964952207,True
44515,27740,41.102896,-80.761275,3,0,8,4,1.168088014433232,True
44555,170,41.10726,-80.648749,0,0,0,0,0.593654725237024,True
44601,32823,40.918593,-81.128745,5,0,13,2,0.5836513575581871,True
44606,7883,40.734706,-81.800147,0,0,0,0,11.070695047784644,False
44607,142,40.695908,-81.026873,0,0,0,0,22.291809142072637,False
44608,2702,40.656404,-81.592795,0,0,0,0,12.973544781937767,False
44609,3645,40.912311,-80.989812,0,0,0,0,9.63345386087981,False
44610,120,40.560865,-81.800867,0,0,0,0,6.256398133211396,False
44611,2313,40.610102,-82.074983,0,0,0,0,17.53035485207391,False
44612,5494,40.633088,-81.476036,0,0,0,0,12.454889504803829,False
44613,1988,40.711517,-81.607777,0,0,0,0,9.280513029647778,False
44614,13088,40.888221,-81.587803,0,0,0,0,10.488343628162873,False
44615,9830,40.565805,-81.078601,0,0,0,0,12.003839129146249,False
44618,7869,40.770383,-81.681101,3,0,4,6,2.9009996174077095,True
44619,138,40.905254,-80.954455,0,0,0,0,10.87034851347037,False
44620,1318,40.585628,-81.227832,2,0,4,0,2.9698606598467583,True
44621,4639,40.432127,-81.288171,0,0,0,0,11.61187078577079,False
44622,18774,40.551338,-81.483514,1,0,1,0,3.34655579579425,True
44624,6395,40.622225,-81.659302,0,0,0,0,18.269500316329978,False
44625,945,40.714017,-81.022561,0,0,0,0,22.08091913835783,False
44626,2751,40.693933,-81.389306,0,0,0,0,6.355808941445432,False
44627,7299,40.664104,-81.83643,0,0,0,0,10.544371596884208,False
44628,1039,40.544491,-82.148485,0,0,0,0,18.722317018351763,False
44629,2497,40.349496,-81.453226,0,0,0,0,15.997637264571079,False
44630,180,40.92694,-81.404064,0,0,0,0,2.7162975004591026,True
44632,10655,40.963037,-81.305397,0,0,0,0,10.246649427995083,False
44633,2275,40.629759,-81.935268,0,0,0,0,8.172792529073902,False
44634,1783,40.837991,-81.041397,0,0,0,0,9.023653732767697,False
44637,2588,40.480346,-82.029657,0,0,0,0,16.80304187536816,False
44638,1228,40.647134,-82.132629,0,0,0,0,22.730063137260693,False
44639,232,40.451729,-81.20975,0,0,0,0,10.852376247362743,False
44640,103,40.985543,-81.150705,0,0,0,0,7.086015089724579,False
44641,19693,40.858219,-81.245344,0,0,0,0,7.517474822069434,False
44643,3666,40.638346,-81.308871,0,0,0,0,10.826063447148758,False
44644,4445,40.687649,-81.178209,0,0,0,0,14.687512043496028,False
44645,2797,40.90974,-81.718168,0,0,0,0,9.44886931222081,False
44646,48283,40.814381,-81.497182,3,0,4,8,0.7191435714444814,True
44647,17851,40.794393,-81.56498,1,0,2,0,3.136672713190461,True
44651,956,40.621287,-80.96177,0,0,0,0,22.89812999288875,False
44652,650,40.9008,-81.330166,0,0,0,0,3.0754383768756357,True
44653,893,40.437293,-81.371353,0,0,0,0,10.499273876663219,False
44654,20329,40.537937,-81.870867,1,0,2,0,3.952542848319367,True
44656,2616,40.568393,-81.327664,1,0,1,0,5.760727131495468,False
44657,9581,40.744724,-81.094903,0,0,0,0,17.50792344880942,False
44659,54,40.6948,-81.701825,0,0,0,0,11.08006067357405,False
44660,58,40.624212,-81.772588,0,0,0,0,10.189406168225931,False
44661,489,40.585377,-82.117401,0,0,0,0,20.67796865607264,False
44662,9929,40.71099,-81.555052,0,0,0,0,6.1321846778579205,False
44663,24732,40.46048,-81.44958,2,0,0,16,4.045388163157065,True
44665,119,40.835554,-80.987051,0,0,0,0,12.502656536251523,False
44666,3122,40.841878,-81.639934,0,0,0,0,6.711673732115447,False
44667,13688,40.833793,-81.765184,0,0,0,0,7.063424246179842,False
44669,1889,40.788312,-81.150684,0,0,0,0,12.819568808920167,False
44670,155,40.763006,-81.187916,0,0,0,0,15.979626199035136,False
44671,77,40.645174,-81.36568,0,0,0,0,12.094043433367018,False
44672,4741,40.920003,-81.025268,0,0,0,0,6.826842459686422,False
44675,2255,40.503967,-81.250464,0,0,0,0,4.100170452013313,True
44676,5626,40.690775,-82.033802,0,0,0,0,13.359515916154912,False
44677,2867,40.874634,-81.858587,0,0,0,0,5.726575322734034,False
44678,183,40.564797,-81.364165,0,0,0,0,8.229623700584058,False
44680,4015,40.598967,-81.544039,0,0,0,0,9.813712371646623,False
44681,9071,40.500822,-81.663619,0,0,0,0,14.986636335560942,False
44682,1250,40.397787,-81.403463,0,0,0,0,12.034108255876745,False
44683,7888,40.364772,-81.325071,0,0,0,0,11.163380832578454,False
44685,28655,40.955405,-81.424372,4,0,7,0,3.2774078482440827,True
44687,406,40.539465,-81.710347,0,0,0,0,14.256125950200284,False
44688,2895,40.683908,-81.255382,0,0,0,0,14.142630067816611,False
44689,479,40.647624,-81.659231,0,0,0,0,16.58412510877906,False
44690,52,40.613106,-81.693638,0,0,0,0,15.778480127844425,False
44691,44390,40.806029,-81.977588,14,1,20,6,2.790791404825119,True
44693,52,40.297769,-81.188203,0,0,0,0,4.746812830952112,True
44695,1400,40.442011,-81.170166,0,0,0,0,11.589998699528577,False
44697,267,40.60804,-81.407271,0,0,0,0,11.81781278130041,False
44699,673,40.288793,-81.289004,0,0,0,0,9.618636321192854,False
44702,1029,40.799837,-81.376725,6,0,10,2,0.08569303271799299,True
44703,8468,40.810948,-81.381347,1,0,1,0,0.3341816276694558,True
44704,3583,40.800042,-81.343062,0,0,0,0,2.4272664520710725,True
44705,17574,40.833287,-81.332021,0,0,0,0,2.9729477166825586,True
44706,16485,40.753824,-81.419797,2,0,4,4,1.339010231077509,True
44707,8849,40.760321,-81.347116,0,0,0,0,4.726701744278299,True
44708,24761,40.816563,-81.435458,1,0,2,0,3.0781640941816395,True
44709,18917,40.842205,-81.386331,1,0,0,4,2.5915603879268696,True
44710,8253,40.789613,-81.426572,0,0,0,0,3.0687486150269128,True
44714,10110,40.836317,-81.358279,0,0,0,0,2.4008185550025973,True
44718,12809,40.8484,-81.450468,1,0,2,0,2.0945745060760115,True
44720,39656,40.903454,-81.433282,12,0,16,16,0.9266748768501555,True
44721,13722,40.893066,-81.318113,5,0,10,0,2.5206085706055887,True
44730,6096,40.767017,-81.265784,0,0,0,0,9.589602231044104,False
44802,919,41.045338,-83.41911,0,0,0,0,12.233037474699465,False
44804,1603,41.107053,-83.535376,0,0,0,0,6.317121623950063,False
44805,31024,40.87322,-82.322775,1,0,0,12,4.852056495203433,True
44807,2118,41.061226,-82.864336,4,0,6,1,3.0990379354670674,True
44809,103,41.132103,-83.293978,0,0,0,0,7.260378325067014,False
44811,12486,41.246317,-82.846599,1,0,0,4,2.947222904677759,True
44813,7816,40.599849,-82.529699,2,0,0,2,5.258774840559745,False
44814,2329,41.324106,-82.47216,0,0,0,0,10.195158615506665,False
44815,762,41.24692,-83.23945,0,0,0,0,13.361502947885205,False
44817,1606,41.204134,-83.545038,0,0,0,0,10.52020144813937,False
44818,2048,40.998342,-82.989373,0,0,0,0,10.537965590648213,False
44820,17265,40.818352,-82.971722,2,0,2,1,0.6097539353626127,True
44822,4119,40.556723,-82.398088,0,0,0,0,14.838099950441784,False
44824,3952,41.383272,-82.805888,0,0,0,0,7.2956114498886,False
44825,166,40.954424,-82.941927,0,0,0,0,7.435709896156629,False
44826,1002,41.24234,-82.477643,0,0,0,0,9.530827937263874,False
44827,7009,40.822444,-82.75506,0,0,0,0,10.33692058178896,False
44828,154,41.233963,-82.859475,0,0,0,0,4.542863514150202,True
44830,18409,41.167936,-83.398998,3,0,3,1,1.7219976986407162,True
44833,16641,40.709559,-82.795815,0,0,0,0,18.635179029606903,False
44836,2450,41.237162,-83.062895,0,0,0,0,12.887369272633322,False
44837,4514,41.021221,-82.472683,0,0,0,0,9.394246590165384,False
44838,214,40.771565,-82.256155,0,0,0,0,9.812262341069834,False
44839,12702,41.379796,-82.549616,2,0,3,0,1.3383027269484864,True
44840,3415,40.791875,-82.173115,0,0,0,0,10.959931111254006,False
44841,590,41.251253,-83.311346,0,0,0,0,12.747020714683945,False
44842,5571,40.649212,-82.224849,0,0,0,0,23.647833856457904,False
44843,2732,40.689497,-82.407602,0,0,0,0,8.576715217913975,False
44844,823,40.992169,-83.258362,0,0,0,0,13.66108308176154,False
44846,3361,41.319407,-82.605833,3,2,6,0,1.6421991510581027,True
44847,3567,41.230414,-82.712888,0,0,0,0,8.102795673419223,False
44849,2177,40.8086,-83.131857,0,0,0,0,9.319271717599394,False
44850,213,41.035393,-82.684018,0,0,0,0,4.133782238204095,True
44851,5303,41.109176,-82.391571,1,0,2,0,2.670372592388887,True
44853,1507,41.055022,-83.303993,0,0,0,0,9.81585916626028,False
44854,1459,40.943647,-82.867843,1,0,2,0,2.4155970622403653,True
44855,1175,41.108739,-82.574938,0,0,0,0,13.951852936408809,False
44856,123,40.793984,-82.856263,0,0,0,0,10.085784002410646,False
44857,23320,41.216499,-82.577642,3,0,6,0,4.231915207650154,True
44859,1781,41.021963,-82.330724,0,0,0,0,9.279395179204752,False
44861,120,41.24259,-83.14623,0,0,0,0,11.111108749723437,False
44864,3089,40.667625,-82.320628,0,0,0,0,16.11990478033168,False
44865,3123,40.991575,-82.689436,0,0,0,0,7.714831547054546,False
44866,2454,40.924,-82.197783,0,0,0,0,9.305230072682146,False
44867,2180,41.149035,-82.98222,0,0,0,0,9.422247503329785,False
44870,39817,41.41952,-82.713212,10,0,12,21,1.249349228617244,True
44874,253,40.969379,-82.369629,0,0,0,0,13.26721537524454,False
44875,14026,40.889956,-82.651706,1,0,2,0,1.1594989891371708,True
44878,2943,40.951007,-82.520651,0,0,0,0,14.050776818701161,False
44880,3131,41.033472,-82.218901,0,0,0,0,10.979491467074228,False
44881,174,40.870304,-82.876744,0,0,0,0,10.450902210105912,False
44882,2140,40.946679,-83.14022,0,0,0,0,14.895629051504025,False
44883,28554,41.124173,-83.173639,5,0,4,3,1.0404499068886974,True
44887,1140,40.916196,-82.790658,0,0,0,0,7.4242303231846885,False
44889,7251,41.245882,-82.382433,0,0,0,0,14.430570863663537,False
44890,10364,41.085172,-82.710562,1,0,2,0,3.545189412255984,True
44902,4876,40.758885,-82.510962,1,0,1,0,0.4413614460346751,True
44903,26804,40.776223,-82.526824,4,0,4,10,2.2333298300215514,True
44904,14057,40.663703,-82.614459,0,0,0,0,6.3432177200315385,False
44905,16254,40.778593,-82.46738,0,0,0,0,4.700215105952501,True
44906,17059,40.764486,-82.574974,5,0,5,4,0.7108197200688521,True
44907,15157,40.727662,-82.520406,0,0,0,0,2.9054301974209586,True
45001,863,39.138123,-84.712834,0,0,0,0,6.051570515236108,False
45002,14647,39.198531,-84.763113,0,0,0,0,8.971677835069276,False
45003,666,39.586583,-84.78647,1,0,4,0,4.214357585964128,True
45005,31906,39.528928,-84.289524,3,0,4,6,1.4688875020320533,True
45011,74636,39.426575,-84.497637,10,0,16,3,4.55520841750896,True
45013,53533,39.413632,-84.652679,4,0,20,0,4.892769911007574,True
45014,45652,39.325714,-84.55239,9,0,6,21,1.3581849334350704,True
45015,11102,39.374319,-84.56116,4,0,0,4,1.1058375226645738,True
45030,21328,39.257248,-84.763252,0,0,0,0,11.41700821464748,False
45032,627,39.502575,-84.00757,0,0,0,0,2.3554328009478067,True
45033,436,39.179645,-84.764695,0,0,0,0,9.225288873767859,False
45034,1080,39.356535,-84.246301,0,0,0,0,1.9515257956064458,True
45036,43262,39.443045,-84.216366,7,0,15,4,1.1759949816132895,True
45039,28958,39.327409,-84.236695,1,0,2,0,1.2591939157368233,True
45040,58132,39.350783,-84.313198,8,0,24,0,1.037294849744167,True
45041,131,39.210865,-84.702469,0,0,0,0,4.191389187630948,True
45042,28217,39.556885,-84.420158,0,0,0,0,5.733993812551882,False
45044,54452,39.482404,-84.410243,4,0,7,0,3.9869310191206337,True
45050,12162,39.444369,-84.36591,2,0,2,0,2.679959317066344,True
45051,361,39.099843,-84.655127,0,0,0,0,3.9111969221475578,True
45052,4236,39.144456,-84.779062,0,0,0,0,11.448571943170068,False
45053,3717,39.354057,-84.787824,0,0,0,0,14.14763909898157,False
45054,2549,39.438829,-84.085062,0,0,0,0,8.779472296024755,False
45055,97,39.457057,-84.510899,0,0,0,0,6.640774175957454,False
45056,27598,39.487425,-84.737908,12,0,26,0,0.650135914825325,True
45062,667,39.483783,-84.555516,0,0,0,0,6.484146940206828,False
45064,3281,39.570754,-84.610259,0,0,0,0,11.174472033330115,False
45065,6938,39.370555,-84.213952,0,0,0,0,3.9755204628820278,True
45066,26663,39.547963,-84.217555,3,0,15,0,3.450974322158149,True
45067,15328,39.494819,-84.480997,0,0,0,0,8.429985503074322,False
45068,11606,39.529427,-84.040548,1,0,4,0,1.8812350411613965,True
45069,55635,39.343522,-84.412333,12,0,18,27,2.2421569196422824,True
45070,146,39.589695,-84.558089,0,0,0,0,12.938006566439398,False
45101,1876,38.697011,-83.726747,0,0,0,0,29.9415568401696,False
45102,24838,39.01719,-84.204345,0,0,0,0,8.61513751827003,False
45103,36788,39.091617,-84.143715,5,0,1,7,1.181371309235555,True
45105,71,38.750434,-83.612373,0,0,0,0,18.76208843002832,False
45106,11096,38.94502,-84.064915,0,0,0,0,11.708916424905894,False
45107,9748,39.287524,-83.97645,0,0,0,0,21.62493415531905,False
45111,238,39.201067,-84.287019,0,0,0,0,3.778461340542466,True
45112,14,38.794854,-84.140047,0,0,0,0,29.394169394718777,False
45113,3808,39.39992,-83.985441,0,0,0,0,13.307107400012548,False
45115,130,38.808172,-83.707293,0,0,0,0,21.834374347504426,False
45118,3789,39.172764,-83.917149,0,0,0,0,14.517479132564793,False
45119,217,38.878121,-83.999247,0,0,0,0,19.327294934308778,False
45120,2412,38.828417,-84.090026,0,0,0,0,24.847125792156252,False
45121,8931,38.866852,-83.908302,0,0,0,0,19.58072816386101,False
45122,11195,39.225626,-84.129368,0,0,0,0,12.098747681926831,False
45123,8739,39.348842,-83.388803,0,0,0,0,21.189896898508557,False
45130,3806,38.908827,-83.998997,0,0,0,0,16.12999636904701,False
45131,374,38.789761,-83.966967,0,0,0,0,28.312048412248412,False
45132,130,39.343936,-83.599545,0,0,0,0,15.78472271254939,False
45133,23604,39.159797,-83.571065,1,0,0,1,5.8755094221163136,False
45135,5422,39.347615,-83.541912,0,0,0,0,17.23678467077763,False
45140,56854,39.254473,-84.24693,3,0,7,16,1.7155273928838546,True
45142,4095,39.207984,-83.803451,0,0,0,0,16.54382174490568,False
45144,4256,38.704212,-83.615092,0,0,0,0,23.0496931584187,False
45146,1129,39.314119,-83.804201,0,0,0,0,13.228723694624176,False
45147,64,39.210768,-84.302556,0,0,0,0,4.7632505257007685,True
45148,1675,39.290218,-83.887266,0,0,0,0,17.967455944981385,False
45150,33342,39.166469,-84.230391,2,0,4,0,4.127710319561393,True
45152,13577,39.351487,-84.120225,0,0,0,0,9.410058787708142,False
45153,2452,38.862812,-84.189637,0,0,0,0,24.05134652793398,False
45154,9094,39.063432,-83.916821,1,0,0,2,2.4756594613532057,True
45155,522,39.042506,-83.752161,0,0,0,0,15.03100379750607,False
45156,50,38.809892,-84.213589,0,0,0,0,29.60886005107901,False
45157,9650,38.953739,-84.23017,0,0,0,0,13.960955038080508,False
45158,743,39.182278,-84.077712,0,0,0,0,12.750250136708033,False
45159,3333,39.336834,-83.691742,0,0,0,0,13.31208084926388,False
45160,568,39.123667,-84.136971,0,0,0,0,4.691978533148684,True
45162,2348,39.269737,-84.074728,0,0,0,0,15.126164306880655,False
45164,366,39.553223,-83.785515,0,0,0,0,5.995542648084102,False
45167,3379,38.781664,-83.789733,0,0,0,0,29.56195221311685,False
45168,1399,38.849817,-83.770281,0,0,0,0,25.305606197627764,False
45169,4410,39.506479,-83.650882,0,0,0,0,14.00260067119329,False
45171,5770,39.013609,-83.796419,0,0,0,0,11.659015968610223,False
45172,419,39.074472,-83.386883,0,0,0,0,22.949178773410384,False
45174,2294,39.15856,-84.312243,0,0,0,0,3.10168263337513,True
45176,9813,39.079262,-84.029729,2,0,6,0,3.5122559781661975,True
45177,22442,39.46069,-83.844305,12,0,38,1,1.9716090293032493,True
45202,17022,39.106735,-84.504181,40,0,162,0,0.4070093984520952,True
45203,2530,39.105294,-84.533529,1,0,8,0,0.47294524615406996,True
45204,7710,39.089567,-84.578107,1,0,2,0,2.833345978656885,True
45205,18615,39.110461,-84.575085,0,0,0,0,2.2870052656799467,True
45206,10387,39.12732,-84.484568,2,0,4,0,0.6591538083667067,True
45207,7089,39.141955,-84.471226,1,0,2,0,0.9626227020418029,True
45208,17858,39.13523,-84.433911,4,0,15,0,1.4559882061536265,True
45209,10772,39.153397,-84.42757,6,0,12,28,0.44535689366097375,True
45211,37234,39.158667,-84.599661,3,0,4,4,1.1156416617823943,True
45212,21007,39.164019,-84.451781,2,0,4,0,0.6021979124511496,True
45213,11273,39.181181,-84.420046,0,0,0,0,1.683227479542731,True
45214,9077,39.115007,-84.534356,1,0,3,0,0.6280762769374698,True
45215,30806,39.235399,-84.462189,3,0,5,0,1.2456926053980144,True
45216,9493,39.200543,-84.4811,0,0,0,0,2.3039517384637365,True
45217,5437,39.166056,-84.497807,0,0,0,0,1.0831486674387363,True
45218,3815,39.266233,-84.519763,0,0,0,0,2.44698970350736,True
45219,19326,39.126624,-84.512017,2,0,6,0,0.28611402535182734,True
45220,14636,39.146693,-84.520265,4,0,32,0,0.7612282809090293,True
45223,13049,39.170996,-84.551359,3,0,10,0,1.396096192643532,True
45224,22186,39.20218,-84.53224,1,0,7,0,1.2325353902099505,True
45225,9451,39.143842,-84.555469,0,0,0,0,2.2928786770703464,True
45226,5962,39.111687,-84.421674,1,0,4,0,1.053518854367473,True
45227,18653,39.153237,-84.385795,4,0,7,8,1.5325278407332592,True
45229,14000,39.153472,-84.486186,1,0,2,0,1.4474530750419077,True
45230,26923,39.073748,-84.389281,0,0,0,0,4.949570365302055,True
45231,40852,39.247501,-84.534837,4,0,10,4,2.9334965490007976,True
45232,7257,39.185714,-84.52027,4,0,2,3,2.148896116966235,True
45233,15362,39.116886,-84.672637,0,0,0,0,5.045243709623634,False
45236,24648,39.209678,-84.397222,10,0,72,1,1.501608657830419,True
45237,21234,39.19458,-84.451017,0,0,0,0,2.0577599899498584,True
45238,48936,39.109225,-84.608841,2,0,7,0,1.7422296833131663,True
45239,29035,39.203628,-84.580624,1,0,2,2,2.6680112941330147,True
45240,29453,39.286209,-84.525958,2,0,4,0,0.19411070435871858,True
45241,23545,39.276293,-84.399719,5,0,10,0,2.348362057516741,True
45242,22253,39.242803,-84.352996,10,0,43,0,0.4016285709437283,True
45243,15958,39.188557,-84.336021,1,0,2,0,3.291752933882634,True
45244,28720,39.114121,-84.326346,0,0,0,0,4.77799506602931,True
45245,19707,39.059884,-84.280417,1,0,0,4,1.6644113536216945,True
45246,13925,39.290213,-84.463826,11,0,19,5,0.9821544826101595,True
45247,23588,39.216693,-84.661108,2,0,0,18,2.510425603572481,True
45248,23287,39.164388,-84.662306,3,0,6,0,1.4733233799808623,True
45249,14219,39.275264,-84.326879,8,0,18,12,0.3608574297562528,True
45251,20561,39.27464,-84.597838,7,0,3,5,3.382204147214809,True
45252,4941,39.270192,-84.628137,0,0,0,0,3.1035154311823496,True
45255,22760,39.059554,-84.328333,0,0,0,0,2.92300457903129,True
45267,3,39.138086,-84.503156,0,0,0,0,0.18588245227128486,True
45301,201,39.710981,-84.023014,0,0,0,0,0.2830411670366736,True
45302,4369,40.40591,-84.20915,0,0,0,0,12.697753692203772,False
45303,2169,40.213971,-84.659636,0,0,0,0,12.679423720531457,False
45304,7624,39.98145,-84.525031,0,0,0,0,15.802408886095742,False
45305,11597,39.640797,-84.085678,4,0,14,0,1.221427300048809,True
45306,2283,40.459234,-84.187139,0,0,0,0,12.298039956317416,False
45307,237,39.580612,-83.72337,0,0,0,0,12.12056922381313,False
45308,4376,40.129279,-84.457368,0,0,0,0,10.695212633075762,False
45309,11905,39.842677,-84.414725,2,0,2,4,0.41179790300172747,True
45310,255,40.352937,-84.642673,0,0,0,0,9.721005243128266,False
45311,5960,39.628776,-84.658891,0,0,0,0,9.358465791152895,False
45312,1109,40.052155,-84.093025,0,0,0,0,6.611418411300769,False
45314,6488,39.742042,-83.780962,2,0,6,0,2.2773034902153757,True
45315,4804,39.857729,-84.338773,1,0,2,0,1.0131174773166232,True
45316,134,39.797545,-83.825229,0,0,0,0,5.012175728403342,False
45317,838,40.178273,-84.018217,0,0,0,0,16.526935332499328,False
45318,5338,40.127006,-84.354408,0,0,0,0,11.831210680700135,False
45319,364,39.91607,-83.943293,0,0,0,0,4.1026061621968575,True
45320,15402,39.750658,-84.681309,0,0,0,0,20.40464764462475,False
45321,1254,39.865253,-84.686962,0,0,0,0,22.275845722587476,False
45322,20978,39.903342,-84.328333,0,0,0,0,5.2180131561011835,False
45323,4954,39.851424,-83.92798,1,0,2,0,3.2036287222258353,True
45324,41273,39.820725,-84.00029,9,0,15,12,1.7207032833990161,True
45325,2746,39.692609,-84.430204,0,0,0,0,5.533211538045858,False
45326,1509,40.13991,-84.094457,0,0,0,0,10.548821222249467,False
45327,8949,39.62876,-84.403005,1,0,2,0,2.394689252077094,True
45328,538,40.116253,-84.496755,0,0,0,0,10.388097490251246,False
45330,810,39.648272,-84.528668,0,0,0,0,8.990100756420404,False
45331,22298,40.098606,-84.650546,1,0,2,0,2.8497761184645842,True
45332,602,40.000294,-84.775986,0,0,0,0,17.753852994888,False
45333,1739,40.249464,-84.331774,0,0,0,0,11.608088689854297,False
45334,1921,40.443193,-84.047814,1,0,2,0,0.7180403330543867,True
45335,7285,39.639814,-83.741198,0,0,0,0,12.586495459563583,False
45336,82,40.442745,-84.257263,0,0,0,0,15.20065341338102,False
45337,1750,39.981474,-84.4226,0,0,0,0,9.770728328841717,False
45338,4782,39.85093,-84.543947,0,0,0,0,9.980334617181741,False
45339,982,40.008963,-84.340718,0,0,0,0,2.1551760435014637,True
45340,592,40.368571,-84.052152,0,0,0,0,7.998903288077434,False
45341,3702,39.87286,-84.022857,0,0,0,0,4.131872874504945,True
45342,36675,39.629338,-84.275969,9,0,28,0,1.8074896439553112,True
45344,16841,39.953828,-84.009674,0,0,0,0,10.415683092695144,False
45345,5923,39.739216,-84.399306,0,0,0,0,10.801370542317109,False
45346,2022,39.982115,-84.709956,0,0,0,0,15.700841711130844,False
45347,4029,39.88593,-84.763137,0,0,0,0,27.269113893128576,False
45348,817,40.329969,-84.656386,0,0,0,0,12.462566423366447,False
45349,284,39.989039,-83.940579,0,0,0,0,10.462189395319841,False
45350,69,40.324724,-84.573602,0,0,0,0,10.752413813687204,False
45351,384,40.339553,-84.495733,0,0,0,0,9.092842278980998,False
45352,177,40.05012,-84.744314,0,0,0,0,12.335704222551076,False
45353,230,40.292575,-84.042717,0,0,0,0,9.460901688342908,False
45354,643,39.910374,-84.399831,0,0,0,0,7.2342316249125735,False
45356,25155,40.16284,-84.22821,1,0,2,0,1.6471479879375108,True
45358,313,39.987264,-84.48778,0,0,0,0,14.865922623363895,False
45359,2041,40.04993,-84.350787,0,0,0,0,4.647744720296361,True
45360,325,40.330159,-84.092195,0,0,0,0,7.251875403450897,False
45361,325,39.963712,-84.414821,0,0,0,0,10.170137546175264,False
45362,1164,40.292481,-84.627731,0,0,0,0,14.345627168395277,False
45363,1862,40.239309,-84.400067,0,0,0,0,7.411733955461804,False
45365,28955,40.28258,-84.155811,5,0,8,1,0.30235153740589776,True
45368,3860,39.844915,-83.647979,0,0,0,0,8.317388948808125,False
45369,4232,39.952673,-83.594162,0,0,0,0,12.561225944985017,False
45370,2732,39.608378,-84.033025,0,0,0,0,4.588916944112179,True
45371,22521,39.940927,-84.166021,3,0,4,0,2.3706498857879503,True
45372,286,40.013912,-83.83835,0,0,0,0,7.965213395779208,False
45373,37274,40.033003,-84.195649,12,0,32,6,1.3251323511925865,True
45377,14972,39.904039,-84.218097,9,0,36,4,1.666656286170471,True
45378,459,39.902945,-84.487797,0,0,0,0,8.187511189340421,False
45380,5552,40.241975,-84.508298,2,0,2,0,2.8707083528251935,True
45381,5662,39.730594,-84.524349,0,0,0,0,12.984004969891746,False
45382,1139,39.901521,-84.611919,0,0,0,0,16.933610536651834,False
45383,6883,39.957266,-84.333053,0,0,0,0,6.725790531375488,False
45384,1957,39.715548,-83.889109,0,0,0,0,4.083444593615942,True
45385,40057,39.669076,-83.913955,4,0,17,2,2.16976876676812,True
45387,5174,39.799356,-83.887616,1,0,2,0,0.9872587318167144,True
45388,727,40.327999,-84.48022,0,0,0,0,10.430755165635665,False
45389,701,40.056317,-84.025348,0,0,0,0,12.07695792352692,False
45390,3349,40.215198,-84.760541,0,0,0,0,17.274676005505388,False
45402,9964,39.760114,-84.207627,19,0,40,0,0.6659023818226288,True
45403,13831,39.763363,-84.149693,0,0,0,0,1.9341893238294552,True
45404,10762,39.788496,-84.152717,6,0,12,2,1.8867983097586645,True
45405,19322,39.79216,-84.216028,4,0,13,2,1.7323590755348253,True
45406,20261,39.785386,-84.242215,2,0,5,0,1.7647768127532522,True
45409,15677,39.721305,-84.18797,6,0,14,0,1.0563239097156487,True
45410,15617,39.747587,-84.159031,1,0,6,0,1.1232730998030125,True
45414,20479,39.839394,-84.210719,9,0,23,0,1.3881476542658098,True
45415,12171,39.835581,-84.257387,1,0,0,8,3.0670780902077195,True
45416,5353,39.807522,-84.2578,0,0,0,0,3.2276801730286926,True
45417,28161,39.733066,-84.283296,6,0,12,4,2.325850874041569,True
45419,16583,39.714311,-84.167597,3,0,6,0,0.6772633058552665,True
45420,23956,39.718818,-84.129169,6,0,12,0,1.3503490303934649,True
45424,49871,39.851322,-84.102669,8,0,18,6,1.3011218039577215,True
45426,13582,39.80079,-84.313501,7,0,11,0,1.3202453162759948,True
45428,274,39.742142,-84.259544,0,0,0,0,2.8795336740663706,True
45429,26510,39.683588,-84.162737,5,0,21,0,1.382525156496576,True
45430,7171,39.718073,-84.077407,0,0,0,0,1.9582513780989388,True
45431,26961,39.763835,-84.084204,6,0,17,0,1.1025958652239383,True
45432,14988,39.739828,-84.086034,2,0,6,0,0.12037466186422906,True
45433,1560,39.822834,-84.048504,0,0,0,0,2.4059915240862058,True
45434,12482,39.721385,-84.031824,6,0,19,10,1.6465841119731994,True
45435,154,39.781088,-84.063113,1,0,2,0,0.008535810331249375,True
45439,12246,39.698375,-84.229497,0,0,0,0,2.3685605569028083,True
45440,22730,39.673379,-84.099895,0,0,0,0,2.544976291665958,True
45449,18627,39.664147,-84.237985,5,0,8,13,1.5429519838194576,True
45458,37413,39.602396,-84.156357,7,0,18,2,0.31179893861590063,True
45459,28454,39.646459,-84.166955,16,0,31,3,0.9236748610014884,True
45469,206,39.740327,-84.17911,5,0,12,0,0.1406644723309244,True
45502,17076,40.001239,-83.899983,2,0,0,11,8.630838542504783,False
45503,32673,39.965081,-83.767539,0,0,0,0,6.202353128872515,False
45504,16654,39.94697,-83.864897,1,0,0,1,2.684096518411149,True
45505,20299,39.901667,-83.757452,0,0,0,0,3.2328022514060084,True
45506,13339,39.90802,-83.83667,0,0,0,0,3.8249233343960602,True
45601,56453,39.31206,-82.957071,9,0,9,11,3.4170109359590466,True
45612,4626,39.207005,-83.278842,0,0,0,0,27.68306010364999,False
45613,3331,39.034216,-82.8509,0,0,0,0,14.44594682196531,False
45614,5585,38.929682,-82.277557,0,0,0,0,10.09699354643207,False
45616,1588,38.73961,-83.286593,0,0,0,0,22.334941766579316,False
45619,7273,38.462544,-82.45018,0,0,0,0,21.30636080832815,False
45620,751,38.955874,-82.147719,0,0,0,0,16.849900266045378,False
45621,397,39.11137,-82.609935,0,0,0,0,10.281248232465428,False
45622,612,39.352281,-82.487428,0,0,0,0,8.713674871940933,False
45623,3381,38.641686,-82.269786,0,0,0,0,19.232153977866126,False
45628,5670,39.389145,-83.1938,0,0,0,0,18.919520342406376,False
45629,3127,38.657569,-82.815894,0,0,0,0,14.229733916456134,False
45630,368,38.697389,-83.092891,0,0,0,0,9.068383262728034,False
45631,12669,38.821751,-82.264305,2,0,0,2,5.178690438190282,False
45634,1562,39.184362,-82.486496,0,0,0,0,22.547517194628757,False
45636,375,38.581698,-82.816421,0,0,0,0,13.246088091432675,False
45638,19921,38.5558,-82.671915,1,0,0,1,3.0605373737871866,True
45640,16360,39.019728,-82.656314,1,0,0,4,1.0728445786374141,True
45644,4561,39.447656,-82.834693,0,0,0,0,12.98672052456538,False
45645,2709,38.566362,-82.52701,0,0,0,0,13.923819948839284,False
45646,174,39.07517,-83.322786,0,0,0,0,25.346270499470087,False
45647,2276,39.301238,-82.732413,0,0,0,0,20.82092640227035,False
45648,11306,38.918087,-83.007686,0,0,0,0,14.195528350296161,False
45650,303,38.738293,-83.422328,0,0,0,0,16.23330854041986,False
45651,5402,39.28542,-82.483478,0,0,0,0,15.057543224350088,False
45652,3147,38.828197,-83.079769,0,0,0,0,9.185085053043734,False
45653,3742,38.889635,-82.821976,0,0,0,0,17.456007161837174,False
45654,715,39.366468,-82.377742,1,0,2,0,5.131865272001022,False
45656,6812,38.876478,-82.591255,0,0,0,0,16.923121374104674,False
45657,1697,38.843669,-83.236462,0,0,0,0,20.78306129612816,False
45658,2654,38.762928,-82.411555,0,0,0,0,13.70534003744974,False
45659,3007,38.654972,-82.64113,0,0,0,0,14.40762866589927,False
45660,7817,38.988229,-83.356545,0,0,0,0,15.73102828970914,False
45661,7528,39.045633,-83.10822,2,0,4,0,8.623006536470974,False
45662,26972,38.792267,-82.911915,5,0,8,1,4.365846998525611,True
45663,6435,38.736204,-83.109841,0,0,0,0,9.774625768081021,False
45669,10085,38.498413,-82.358442,0,0,0,0,28.167274657023995,False
45671,418,38.970254,-83.248012,0,0,0,0,21.883840493394004,False
45672,1408,39.221241,-82.665745,0,0,0,0,22.128780082050415,False
45673,600,39.203982,-82.811523,0,0,0,0,20.75307244007713,False
45674,681,38.877863,-82.380851,1,0,1,0,0.6622462793669778,True
45677,32,38.79599,-82.755727,0,0,0,0,15.280198594569018,False
45678,1196,38.610443,-82.379581,0,0,0,0,26.53843309608095,False
45679,2701,38.977837,-83.570978,0,0,0,0,13.920875640375959,False
45680,11878,38.467808,-82.546829,0,0,0,0,13.42406807975505,False
45681,1440,39.299738,-83.257847,0,0,0,0,24.091850542456616,False
45682,1824,38.806931,-82.694911,0,0,0,0,20.67553287887215,False
45684,1577,38.651433,-83.19063,0,0,0,0,18.93758373403386,False
45685,1272,38.931803,-82.456541,0,0,0,0,8.676394397685241,False
45686,3556,39.009319,-82.367941,0,0,0,0,14.031892768846383,False
45688,204,38.73108,-82.54324,0,0,0,0,22.17949124854594,False
45690,13315,39.145655,-83.024997,0,0,0,0,8.699584237535793,False
45692,7699,39.115798,-82.542036,0,0,0,0,13.603879554176865,False
45693,8452,38.807713,-83.532368,1,0,2,0,9.490032984083443,False
45694,12763,38.743875,-82.780883,0,0,0,0,12.427639431985202,False
45695,748,39.161543,-82.372654,0,0,0,0,27.445513031643184,False
45696,951,38.601161,-82.452107,0,0,0,0,21.363055564421337,False
45697,6138,38.931585,-83.673684,0,0,0,0,18.391068160482504,False
45698,449,39.294292,-82.400525,0,0,0,0,12.540948434335846,False
45699,1271,38.874131,-82.970465,0,0,0,0,9.249660894132337,False
45701,33501,39.311687,-82.073928,18,0,19,11,2.704158615230002,True
45710,5361,39.19594,-82.211062,0,0,0,0,16.787346120757775,False
45711,1039,39.428321,-81.931975,0,0,0,0,13.820252285912337,False
45714,9333,39.316984,-81.614345,1,0,2,0,5.058767741429775,False
45715,2024,39.610699,-81.627327,0,0,0,0,16.48492381341627,False
45716,410,39.46297,-82.184187,0,0,0,0,4.073795871901563,True
45719,822,39.400194,-82.128464,0,0,0,0,3.3893768260692894,True
45721,32,39.565814,-81.58343,0,0,0,0,19.034327486426506,False
45723,3663,39.226262,-81.823473,0,0,0,0,20.652643463622557,False
45724,1597,39.383437,-81.800411,0,0,0,0,20.954090554842857,False
45727,909,39.645643,-81.478612,0,0,0,0,11.08502603198607,False
45729,2149,39.418373,-81.604397,0,0,0,0,12.567573500094516,False
45732,4287,39.517019,-82.064004,0,0,0,0,15.67539109894276,False
45734,301,39.641144,-81.195651,0,0,0,0,30.408696712961696,False
45735,1720,39.245036,-81.920415,0,0,0,0,13.908028917460486,False
45739,54,39.19112,-81.746416,0,0,0,0,16.238335471623977,False
45740,338,39.47703,-82.080095,0,0,0,0,12.744719018663208,False
45741,871,39.075065,-82.247077,0,0,0,0,21.21385388742306,False
45742,3447,39.287076,-81.730393,0,0,0,0,11.988356098624227,False
45743,1228,39.075298,-81.834846,0,0,0,0,14.61383685217548,False
45744,2164,39.548772,-81.493979,0,0,0,0,14.15709175738323,False
45745,945,39.606169,-81.329638,0,0,0,0,22.420690642240167,False
45746,301,39.597408,-81.45095,0,0,0,0,16.947369272295923,False
45750,26485,39.429838,-81.432131,2,0,2,0,2.266984286851008,True
45760,3682,39.018527,-82.129729,0,0,0,0,11.793968961617045,False
45761,1323,39.425792,-82.075353,0,0,0,0,7.9388727953247935,False
45764,7548,39.442492,-82.231499,7,0,5,2,1.7494177009285445,True
45766,1535,39.319164,-82.262797,0,0,0,0,11.560574187664768,False
45767,2566,39.544917,-81.13838,0,0,0,0,29.35599904262182,False
45768,1566,39.415575,-81.25726,0,0,0,0,15.022818680328484,False
45769,5560,39.109284,-82.05104,1,0,0,1,7.169624923152058,False
45770,765,38.98717,-81.807365,0,0,0,0,18.555916090227527,False
45771,3462,38.987538,-81.902514,0,0,0,0,11.583519313682725,False
45772,1614,39.148706,-81.819169,0,0,0,0,18.81988159884637,False
45773,516,39.437542,-81.270726,0,0,0,0,14.19625020402057,False
45775,1548,39.087585,-82.155962,0,0,0,0,13.680854410811186,False
45776,1014,39.18141,-82.024066,0,0,0,0,13.96091268164779,False
45778,1131,39.353532,-81.893066,0,0,0,0,12.437902199567967,False
45779,630,39.001232,-81.970716,0,0,0,0,6.778446121730232,False
45780,2653,39.370424,-82.130958,1,0,2,0,0.17207511633217326,True
45782,442,39.48587,-82.08165,0,0,0,0,13.168169548586304,False
45783,217,39.175076,-81.839287,0,0,0,0,19.251643123421893,False
45784,3089,39.388308,-81.677855,0,0,0,0,14.612958100720403,False
45786,3019,39.502663,-81.655053,0,0,0,0,18.99695173535625,False
45788,1021,39.509259,-81.378514,0,0,0,0,11.653506959926485,False
45789,177,39.551276,-81.255011,0,0,0,0,21.893092319419235,False
45801,21431,40.772863,-84.034098,1,0,4,0,3.8052466659355018,True
45804,14197,40.709623,-84.061153,10,0,13,29,1.5583040245726272,True
45805,24746,40.72777,-84.162772,2,0,2,1,2.581101639207037,True
45806,10978,40.67244,-84.126166,1,0,0,4,1.5339193745434694,True
45807,11631,40.805996,-84.171653,1,0,1,2,4.613317875985967,True
45808,329,40.831504,-83.973358,1,0,0,4,0.6341759601437602,True
45809,69,40.843049,-84.185096,0,0,0,0,8.813425301274364,False
45810,7345,40.784394,-83.813286,4,0,8,0,2.102203742799036,True
45812,1938,40.681862,-83.813832,0,0,0,0,9.273819748352023,False
45813,3492,41.192303,-84.733158,0,0,0,0,11.025791648303374,False
45814,2580,40.899099,-83.604267,0,0,0,0,15.942501681552388,False
45815,69,41.156945,-83.942593,0,0,0,0,23.712527924948425,False
45816,309,41.004537,-83.794005,0,0,0,0,11.27639708566298,False
45817,5820,40.878759,-83.883975,0,0,0,0,8.591197503711749,False
45819,249,40.623958,-84.260391,0,0,0,0,8.265572201475058,False
45820,600,40.830753,-84.084489,0,0,0,0,8.417500790568779,False
45821,710,41.225764,-84.560946,0,0,0,0,12.812983760353788,False
45822,20170,40.555729,-84.598627,2,0,4,0,2.3532025341055753,True
45826,419,40.436217,-84.493693,0,0,0,0,1.659792262781063,True
45827,2151,40.998103,-84.298851,0,0,0,0,16.974169172901927,False
45828,6343,40.483642,-84.682889,5,0,18,0,3.896104522155605,True
45830,5403,40.90846,-84.095933,0,0,0,0,13.797046791533157,False
45831,3566,41.11376,-84.254987,0,0,0,0,20.767028693623544,False
45832,3098,40.926421,-84.730092,0,0,0,0,12.49328004876348,False
45833,10822,40.832782,-84.352902,3,0,1,4,2.929749509983442,True
45835,521,40.754415,-83.699893,0,0,0,0,10.580372469303441,False
45836,1519,40.793407,-83.643202,0,0,0,0,15.521937154245515,False
45838,71,40.740406,-84.477816,0,0,0,0,16.24666599253657,False
45840,54342,41.025894,-83.648894,13,0,16,30,1.419553400263779,True
45841,1077,40.881236,-83.731999,0,0,0,0,14.848351674465881,False
45843,3908,40.786339,-83.546244,0,0,0,0,22.712812758935424,False
45844,2905,40.913832,-84.287383,0,0,0,0,7.969332795139152,False
45845,3386,40.331338,-84.382544,0,0,0,0,13.696015416179703,False
45846,4763,40.412021,-84.74813,0,0,0,0,12.041672553597618,False
45848,106,41.024493,-84.077088,0,0,0,0,23.27975849175306,False
45849,1136,41.013772,-84.446662,0,0,0,0,20.223166651435434,False
45850,3763,40.704713,-83.918297,0,0,0,0,9.74390081217131,False
45851,578,41.032676,-84.602883,0,0,0,0,17.747677862452395,False
45853,1685,40.986494,-84.195186,0,0,0,0,18.738458661488902,False
45854,339,40.760105,-83.952122,0,0,0,0,6.666479644690372,False
45855,158,41.088192,-84.58349,0,0,0,0,23.954764746999317,False
45856,5290,41.111757,-83.999825,0,0,0,0,28.15152560886802,False
45858,2693,41.107169,-83.80211,0,0,0,0,12.184852832379567,False
45859,378,40.693054,-83.785735,0,0,0,0,8.683742375175116,False
45860,2437,40.40033,-84.517378,1,0,2,0,3.115138917359489,True
45861,367,41.085878,-84.425651,0,0,0,0,21.13806498781298,False
45862,1182,40.670523,-84.515236,0,0,0,0,14.409742248708577,False
45863,1388,40.910754,-84.452522,0,0,0,0,13.025878445725159,False
45864,185,41.100214,-84.136736,0,0,0,0,27.997972771165387,False
45865,5415,40.394258,-84.372922,0,0,0,0,10.600647730620198,False
45866,100,40.48878,-84.550493,0,0,0,0,6.757904775839732,False
45867,975,40.895538,-83.538416,0,0,0,0,18.376128541606285,False
45868,809,40.97097,-83.851238,0,0,0,0,17.189108065382573,False
45869,4323,40.456841,-84.390491,0,0,0,0,9.531541382908058,False
45870,505,40.556255,-83.951444,0,0,0,0,12.876553948377758,False
45871,2091,40.489115,-84.294025,0,0,0,0,11.888302099382468,False
45872,4572,41.189167,-83.682423,0,0,0,0,6.055871987520904,False
45873,2232,41.117833,-84.390235,0,0,0,0,17.795954368402167,False
45874,2186,40.787757,-84.681229,0,0,0,0,10.888301792810328,False
45875,10861,41.01966,-84.058602,0,0,0,0,22.197732994768803,False
45876,913,40.934176,-84.338664,0,0,0,0,9.926247860762457,False
45877,2452,40.959121,-83.933578,0,0,0,0,14.319203050334844,False
45879,6524,41.128322,-84.563105,0,0,0,0,20.17274909775232,False
45880,2437,41.067867,-84.741558,0,0,0,0,24.45682855758266,False
45881,1704,40.946247,-83.780047,0,0,0,0,14.076605484497625,False
45882,2719,40.683429,-84.677293,0,0,0,0,17.423583821378546,False
45883,4099,40.399494,-84.619593,1,0,2,0,4.759092352000351,True
45884,168,40.546709,-84.084183,0,0,0,0,9.374124525902076,False
45885,12744,40.569863,-84.390644,1,0,2,0,2.2728416515447565,True
45886,422,40.9969,-84.620781,0,0,0,0,13.885163841656135,False
45887,4335,40.710853,-84.365128,0,0,0,0,14.824614087866152,False
45888,237,40.602322,-84.085692,0,0,0,0,7.081167008642547,False
45889,1849,41.152611,-83.638601,0,0,0,0,2.5134957825501028,True
45890,873,40.979927,-83.494768,0,0,0,0,11.178750047645897,False
45891,15522,40.873982,-84.577107,3,0,3,1,1.8651526886322245,True
45893,166,40.881452,-84.145379,0,0,0,0,12.386248906222798,False
45894,681,40.759426,-84.471117,0,0,0,0,14.965800305568814,False
45895,17983,40.563033,-84.145293,2,0,4,0,3.9254355878006235,True
45896,1705,40.607869,-83.942108,0,0,0,0,16.046891129737958,False
45897,91,40.84148,-83.656145,0,0,0,0,16.376061892223703,False
45898,908,40.733947,-84.751052,0,0,0,0,19.27740669985406,False
45899,180,40.802675,-84.772307,0,0,0,0,16.41327661765655,False
