zcta,latitude,longitude
43001,40.088034,-82.61393
43002,40.057262,-83.168467
43003,40.41354,-82.969322
43004,40.015374,-82.804489
43005,40.281612,-82.269007
43006,40.459754,-82.149323
43007,40.330881,-83.401894
43008,39.933044,-82.483203
43009,40.171458,-83.639322
43010,39.999627,-83.621903
43011,40.303039,-82.679642
43013,40.230616,-82.68937
43014,40.46989,-82.249623
43015,40.297783,-83.060168
43016,40.097462,-83.150204
43017,40.11868,-83.133129
43018,39.953801,-82.676136
43019,40.501987,-82.593233
43021,40.205042,-82.876523
43022,40.345042,-82.339812
43023,40.075537,-82.529776
43025,39.970889,-82.517382
43026,40.020519,-83.177502
43027,40.253735,-82.522816
43028,40.401712,-82.297266
43029,40.097477,-83.440642
43030,39.969139,-82.40575
43031,40.162786,-82.663517
43032,40.328595,-82.958098
43033,39.961234,-82.599664
43035,40.18597,-82.996343
43036,40.352136,-83.263182
43037,40.284431,-82.32319
43040,40.261305,-83.358138
43044,40.054878,-83.550817
43045,40.168303,-83.458762
43046,39.901754,-82.540412
43047,40.207958,-83.637975
43050,40.373976,-82.492721
43054,40.070261,-82.802113
43055,40.110508,-82.378699
43056,40.009034,-82.331779
43060,40.222358,-83.571509
43061,40.289506,-83.203052
43062,40.008131,-82.685267
43064,40.098502,-83.288166
43065,40.177567,-83.094156
43066,40.402576,-83.172895
43067,40.343049,-83.48386
43068,39.956185,-82.784665
43070,40.220585,-83.956489
43071,40.180695,-82.359463
43072,40.115162,-83.954818
43074,40.269531,-82.850655
43076,39.896193,-82.391194
43077,40.13705,-83.341267
43078,40.117098,-83.78624
43080,40.240719,-82.429257
43081,40.110443,-82.890646
43082,40.155571,-82.885108
43084,40.150137,-83.557264
43085,40.100924,-83.013402
43101,39.464497,-82.746107
43102,39.64092,-82.764982
43103,39.732375,-82.935708
43105,39.86676,-82.612369
43106,39.644806,-83.418536
43107,39.692825,-82.414529
43109,39.917249,-82.831886
43110,39.826682,-82.800074
43111,39.502067,-82.2427
43112,39.79278,-82.698409
43113,39.58659,-82.962245
43115,39.489578,-83.168956
43116,39.772755,-83.062758
43117,39.768736,-83.206074
43119,39.940928,-83.205719
43123,39.866721,-83.115561
43125,39.838052,-82.887941
43126,39.810726,-83.168258
43127,39.475597,-82.322298
43128,39.659641,-83.593633
43130,39.696463,-82.614717
43135,39.472913,-82.713001
43136,39.801631,-82.815387
43137,39.8089,-82.987294
43138,39.51834,-82.414097
43140,39.880108,-83.428512
43142,39.592923,-83.587788
43143,39.712438,-83.288721
43144,39.52988,-82.195044
43145,39.56226,-83.260058
43146,39.773521,-83.136925
43147,39.897782,-82.744035
43148,39.820316,-82.499992
43149,39.542974,-82.577874
43150,39.777096,-82.409813
43151,39.733173,-83.476623
43152,39.394275,-82.615932
43153,39.743989,-83.556692
43154,39.60391,-82.829648
43155,39.627314,-82.535203
43156,39.553806,-82.776293
43157,39.843016,-82.546824
43158,39.453047,-82.351192
43160,39.52874,-83.439186
43162,39.9494,-83.308423
43164,39.583733,-83.119834
43201,39.990881,-83.00116
43202,40.019403,-83.014471
43203,39.972934,-82.969167
43204,39.960662,-83.082542
43205,39.957342,-82.962019
43206,39.942452,-82.974175
43207,39.895414,-82.963853
43209,39.953588,-82.929524
43210,40.006425,-83.02212
43211,40.011814,-82.970532
43212,39.986564,-83.043198
43213,39.971201,-82.863958
43214,40.051734,-83.016269
43215,39.966856,-83.01296
43217,39.816946,-82.934089
43218,40.017566,-82.923723
43219,40.007373,-82.920654
43220,40.048905,-83.072189
43221,40.023112,-83.076127
43222,39.961192,-83.035484
43223,39.926237,-83.03305
43224,40.042251,-82.964434
43227,39.943213,-82.887646
43228,39.964019,-83.127747
43229,40.08587,-82.978197
43230,40.038143,-82.872725
43231,40.079392,-82.936858
43232,39.920977,-82.870372
43235,40.078722,-83.082473
43240,40.145121,-82.98282
43302,40.599237,-83.130298
43310,40.532533,-83.779913
43311,40.36441,-83.758426
43314,40.647409,-82.961225
43315,40.483968,-82.874359
43316,40.951821,-83.384958
43317,40.475145,-82.680931
43318,40.309647,-83.913182
43319,40.302682,-83.57512
43320,40.588576,-82.899922
43321,40.463053,-82.829033
43322,40.532546,-83.208117
43323,40.732133,-83.254734
43324,40.444543,-83.813798
43325,40.668063,-82.831265
43326,40.64144,-83.614776
43330,40.813493,-83.419408
43331,40.517943,-83.921643
43332,40.590903,-83.371544
43333,40.432461,-83.923361
43334,40.397947,-82.797304
43336,40.283079,-83.576613
43337,40.681312,-83.266637
43338,40.564167,-82.760333
43340,40.53031,-83.497923
43341,40.595756,-83.315445
43342,40.471236,-83.18398
43343,40.305092,-83.995255
43344,40.430934,-83.344615
43345,40.508496,-83.586161
43346,40.576822,-83.845209
43347,40.477715,-83.658043
43348,40.461198,-83.891401
43350,40.395564,-82.699799
43351,40.827604,-83.314046
43356,40.45373,-83.041951
43357,40.253523,-83.746774
43358,40.41459,-83.537606
43359,40.869767,-83.45318
43360,40.333139,-83.643525
43402,41.4097,-83.653452
43403,41.377844,-83.636555
43406,41.335764,-83.438605
43407,41.277159,-83.249945
43408,41.571834,-83.363479
43410,41.31174,-82.95793
43412,41.631291,-83.321889
43413,41.247677,-83.660498
43414,41.451403,-83.617162
43416,41.483937,-83.267229
43420,41.357927,-83.110237
43430,41.524117,-83.375186
43431,41.391809,-83.343718
43432,41.563259,-83.252471
43433,41.504621,-82.880336
43434,41.693283,-83.444751
43435,41.326332,-83.312052
43436,41.713539,-82.826002
43437,41.253957,-83.601779
43438,41.602607,-82.706506
43439,41.517587,-83.042752
43440,41.515143,-82.771086
43442,41.425041,-83.215825
43443,41.461331,-83.470237
43445,41.556616,-83.308937
43446,41.673836,-82.80989
43447,41.567683,-83.433162
43449,41.534376,-83.13557
43450,41.400871,-83.491254
43451,41.318294,-83.618453
43452,41.506464,-82.953329
43456,41.650592,-82.826828
43457,41.267878,-83.425065
43458,41.530446,-83.213365
43460,41.604817,-83.561032
43462,41.283785,-83.722865
43463,41.511458,-83.505088
43464,41.415984,-82.922143
43465,41.565472,-83.500302
43466,41.29233,-83.513933
43467,41.243263,-83.490878
43468,41.599737,-83.34662
43469,41.460369,-83.36455
43501,41.672655,-84.461796
43502,41.532649,-84.303124
43504,41.697526,-83.834178
43505,41.524228,-84.730909
43506,41.466211,-84.557133
43510,41.464838,-83.9471
43511,41.2638,-83.823732
43512,41.303378,-84.358279
43515,41.586912,-84.010042
43516,41.214903,-83.915242
43517,41.433945,-84.72855
43518,41.596488,-84.757748
43519,41.419465,-84.406872
43520,41.380047,-84.635669
43521,41.660489,-84.297994
43522,41.42031,-83.832402
43523,41.338748,-83.998652
43524,41.227059,-84.038511
43525,41.466681,-83.701137
43526,41.312072,-84.730847
43527,41.246109,-84.157502
43528,41.628855,-83.749575
43529,41.1904,-83.78491
43530,41.327921,-84.289447
43531,41.635044,-84.495666
43532,41.449074,-83.964344
43533,41.691874,-84.081534
43534,41.349611,-83.926981
43535,41.305899,-84.024153
43536,41.313445,-84.634004
43537,41.574823,-83.686622
43540,41.68871,-83.944492
43541,41.300739,-83.829661
43542,41.566408,-83.765308
43543,41.606489,-84.645346
43545,41.392249,-84.128288
43547,41.49216,-83.876316
43548,41.188665,-84.172959
43549,41.369314,-84.531144
43551,41.518596,-83.579118
43553,41.530662,-84.217902
43554,41.658421,-84.563491
43555,41.437778,-84.25579
43556,41.303304,-84.563729
43557,41.487398,-84.392482
43558,41.593972,-83.878653
43560,41.700591,-83.738852
43565,41.420445,-83.740106
43566,41.491623,-83.756052
43567,41.580345,-84.161065
43569,41.349767,-83.789426
43570,41.586056,-84.441036
43571,41.514181,-83.813649
43604,41.652389,-83.538897
43605,41.648026,-83.506863
43606,41.673136,-83.611414
43607,41.648634,-83.604132
43608,41.679872,-83.528913
43609,41.628256,-83.57868
43610,41.677783,-83.561453
43611,41.703247,-83.486642
43612,41.715635,-83.550946
43613,41.706228,-83.603714
43614,41.60446,-83.627515
43615,41.649728,-83.671959
43616,41.658372,-83.408909
43617,41.664195,-83.728053
43619,41.603711,-83.47049
43620,41.665178,-83.554722
43623,41.702956,-83.650077
43701,39.963961,-81.995711
43711,39.841865,-81.577973
43713,39.989862,-81.173715
43716,39.829224,-81.011909
43717,39.789327,-81.554711
43718,40.015007,-80.998096
43719,39.99551,-81.09328
43720,39.796093,-81.876456
43721,39.949259,-82.260167
43722,39.919311,-81.519962
43723,39.960762,-81.541728
43724,39.720894,-81.498682
43725,40.039607,-81.601202
43727,39.875689,-81.800241
43728,39.480162,-81.895132
43730,39.639168,-82.092226
43731,39.733139,-82.058314
43732,39.842747,-81.659465
43733,39.927387,-81.538035
43734,39.882489,-81.913656
43735,39.857167,-82.114141
43736,40.057683,-81.236607
43738,39.855347,-82.140488
43739,39.903136,-82.28631
43740,39.951429,-82.217201
43746,39.965416,-82.183858
43747,39.860809,-81.124896
43748,39.692383,-82.316294
43749,40.155641,-81.555888
43750,39.996873,-81.513176
43754,39.753956,-81.243275
43755,40.053294,-81.432363
43756,39.691749,-81.795492
43758,39.627856,-81.94544
43759,40.063059,-81.070519
43760,39.888265,-82.193224
43761,39.66833,-82.148252
43762,40.029956,-81.739992
43764,39.713305,-82.180583
43766,39.593199,-82.252838
43767,40.014251,-81.80783
43768,40.037761,-81.444709
43771,39.835562,-81.945402
43772,39.88606,-81.526625
43773,39.982044,-81.298757
43777,39.829116,-82.104103
43778,40.010159,-81.368797
43779,39.81957,-81.427766
43780,39.908693,-81.437952
43782,39.621795,-82.212467
43783,39.80448,-82.278581
43786,39.710868,-81.277046
43787,39.523964,-81.801822
43788,39.805526,-81.333948
43791,39.877616,-82.08858
43793,39.745149,-81.096102
43802,40.091161,-81.852057
43804,40.450845,-81.740914
43805,40.389985,-81.971796
43811,40.192157,-81.943009
43812,40.263839,-81.880915
43821,40.136752,-82.000512
43822,40.181432,-82.158408
43824,40.36391,-81.758449
43830,40.06282,-82.137472
43832,40.27335,-81.578178
43836,40.208699,-81.718579
43837,40.298402,-81.47793
43840,40.403581,-81.603858
43842,40.137444,-82.011816
43843,40.349011,-82.17561
43844,40.333655,-82.051059
43845,40.264908,-81.731279
43901,40.216723,-80.866199
43902,39.88285,-80.951993
43903,40.472134,-80.973297
43905,40.11417,-80.833284
43906,40.011095,-80.808694
43907,40.248449,-81.019659
43908,40.506269,-80.874019
43909,40.067659,-80.814932
43910,40.372682,-80.826332
43912,40.090804,-80.79258
43913,40.26823,-80.637584
43914,39.775225,-80.952806
43915,39.745732,-80.931569
43917,40.215338,-80.792808
43920,40.677227,-80.594299
43925,40.445981,-80.862313
43926,40.509103,-80.621739
43928,40.013155,-80.882866
43930,40.563211,-80.762834
43931,39.672931,-80.872071
43932,40.528597,-80.746253
43933,39.935227,-80.8958
43934,40.076093,-80.793756
43935,40.120281,-80.739832
43938,40.298534,-80.674994
43939,40.16717,-80.80002
43940,40.028974,-80.827299
43942,39.861027,-80.854883
43943,40.208931,-80.732289
43944,40.436037,-80.771727
43945,40.631988,-80.850107
43946,39.648277,-80.974823
43947,39.955025,-80.791533
43948,40.268346,-80.779965
43950,40.096948,-80.924704
43951,40.114361,-81.011812
43952,40.409127,-80.665297
43953,40.352415,-80.702489
43961,40.523512,-80.630385
43962,40.673011,-80.889208
43963,40.171369,-80.696907
43964,40.480902,-80.662475
43967,40.02653,-80.946227
43968,40.632407,-80.683847
43971,40.159103,-80.713361
43972,40.101754,-80.973719
43973,40.190266,-81.276328
43974,40.182205,-80.887645
43976,40.378004,-80.904709
43977,40.148386,-81.114083
43981,40.18442,-80.994283
43983,40.137138,-81.199038
43985,40.161779,-81.13209
43986,40.383265,-80.990452
43988,40.404394,-81.098229
44001,41.366331,-82.259924
44003,41.615711,-80.585657
44004,41.855938,-80.790536
44010,41.765276,-80.847485
44011,41.4451,-82.005109
44012,41.49727,-82.017462
44017,41.370548,-81.861757
44021,41.44326,-81.144465
44022,41.446249,-81.402969
44023,41.384807,-81.285741
44024,41.578209,-81.19126
44026,41.528147,-81.324706
44028,41.300523,-81.937418
44030,41.903318,-80.579879
44032,41.669245,-80.67011
44035,41.370046,-82.135976
44039,41.383524,-82.020667
44040,41.530992,-81.411153
44041,41.777028,-80.949955
44044,41.266284,-82.04179
44045,41.743895,-81.286268
44046,41.541516,-81.080263
44047,41.727931,-80.735874
44048,41.850255,-80.639309
44049,41.266529,-82.305788
44050,41.248733,-82.1282
44052,41.460687,-82.167946
44053,41.430125,-82.222205
44054,41.4716,-82.090338
44055,41.434058,-82.134095
44056,41.314919,-81.501633
44057,41.760117,-81.060305
44060,41.67653,-81.328167
44062,41.451056,-81.034637
44064,41.598063,-81.032323
44065,41.454775,-81.22918
44067,41.313073,-81.543821
44068,41.90621,-80.678814
44070,41.414929,-81.919131
44072,41.471152,-81.32492
44074,41.289038,-82.235963
44076,41.528147,-80.81475
44077,41.697563,-81.20974
44080,41.368405,-81.057809
44081,41.763938,-81.143104
44082,41.761873,-80.567535
44084,41.671378,-80.899101
44085,41.603272,-80.874544
44086,41.675726,-81.058597
44087,41.317111,-81.443521
44089,41.392084,-82.377455
44090,41.167482,-82.22838
44092,41.596188,-81.470954
44093,41.536159,-80.61325
44094,41.610724,-81.379324
44095,41.652326,-81.441721
44099,41.549203,-80.983287
44101,41.489929,-81.671842
44102,41.479281,-81.736378
44103,41.516323,-81.642908
44104,41.482409,-81.627043
44105,41.449858,-81.632098
44106,41.505341,-81.605432
44107,41.486189,-81.801047
44108,41.54148,-81.612482
44109,41.444141,-81.698357
44110,41.568628,-81.566326
44111,41.457782,-81.789892
44112,41.535841,-81.574143
44113,41.483241,-81.697166
44114,41.52025,-81.678617
44115,41.493539,-81.671188
44116,41.473072,-81.853825
44117,41.570651,-81.526412
44118,41.502337,-81.556571
44119,41.588256,-81.548746
44120,41.473288,-81.58088
44121,41.526243,-81.532433
44122,41.469472,-81.512415
44123,41.604699,-81.524123
44124,41.49888,-81.470711
44125,41.405777,-81.609715
44126,41.442665,-81.852734
44127,41.471013,-81.648805
44128,41.439887,-81.538531
44129,41.390459,-81.7353
44130,41.376642,-81.787317
44131,41.383276,-81.65469
44132,41.606424,-81.497217
44133,41.315918,-81.748063
44134,41.38341,-81.702612
44135,41.423588,-81.82593
44136,41.312466,-81.809769
44137,41.409027,-81.562762
44138,41.373671,-81.922993
44139,41.383262,-81.444249
44140,41.487771,-81.928891
44141,41.299668,-81.616506
44142,41.398832,-81.828543
44143,41.553196,-81.474346
44144,41.437286,-81.739814
44145,41.449531,-81.930162
44146,41.381223,-81.529226
44147,41.318156,-81.679262
44149,41.311458,-81.853087
44201,41.02866,-81.184283
44202,41.316634,-81.342178
44203,41.020135,-81.63068
44212,41.244488,-81.828842
44214,40.951923,-81.999753
44215,41.071986,-81.89922
44216,40.945779,-81.581744
44217,40.952216,-81.913482
44221,41.139266,-81.474873
44223,41.169665,-81.531057
44224,41.176261,-81.436523
44230,40.962103,-81.690327
44231,41.302963,-81.070474
44232,40.932541,-81.463521
44233,41.249087,-81.737867
44234,41.325883,-81.152253
44235,41.031108,-82.116704
44236,41.246089,-81.44909
44240,41.132956,-81.342432
44241,41.242586,-81.347721
44243,41.147842,-81.340464
44250,41.020952,-81.433138
44251,41.02819,-81.927641
44253,41.162775,-82.033342
44254,41.045359,-82.01245
44255,41.286688,-81.229104
44256,41.141354,-81.859522
44260,41.035186,-81.338442
44262,41.139576,-81.436058
44264,41.229771,-81.540489
44266,41.16897,-81.196962
44270,40.960943,-81.774537
44272,41.089759,-81.180523
44273,41.027999,-81.877935
44274,41.099446,-81.728537
44275,41.097181,-82.105641
44276,40.93973,-81.836018
44278,41.092626,-81.42001
44280,41.240261,-81.927779
44281,41.0598,-81.740386
44285,41.16264,-81.059593
44286,41.233132,-81.643941
44287,40.940215,-82.104486
44288,41.239078,-81.076039
44301,41.04349,-81.524017
44302,41.08945,-81.538489
44303,41.10447,-81.537358
44304,41.085888,-81.509129
44305,41.076637,-81.462675
44306,41.039215,-81.483159
44307,41.069221,-81.546525
44308,41.081805,-81.517451
44310,41.109156,-81.499983
44311,41.064227,-81.520446
44312,41.006513,-81.438547
44313,41.130094,-81.573169
44314,41.040756,-81.557908
44319,40.986326,-81.531138
44320,41.07314,-81.582414
44321,41.100689,-81.647946
44325,41.076124,-81.512285
44333,41.164952,-81.633826
44401,41.027176,-80.938225
44402,41.397995,-80.852844
44403,41.240521,-80.582656
44404,41.324106,-80.556627
44405,41.077984,-80.592359
44406,41.01088,-80.770396
44408,40.884987,-80.68794
44410,41.346299,-80.727712
44411,41.047698,-81.059303
44412,41.09417,-81.023487
44413,40.844757,-80.548689
44415,40.770656,-80.704549
44417,41.43316,-80.663287
44418,41.306912,-80.60462
44420,41.169929,-80.671496
44423,40.74852,-80.895947
44424,41.322011,-80.58324
44425,41.168852,-80.578164
44427,40.713736,-80.961667
44428,41.430846,-80.585193
44429,41.095128,-80.974159
44430,41.237896,-80.910764
44431,40.837609,-80.751064
44432,40.749809,-80.749876
44436,41.058684,-80.535073
44437,41.15594,-80.729884
44438,41.239654,-80.53066
44439,41.454357,-80.955505
44440,41.136876,-80.806286
44441,40.755333,-80.548808
44442,40.966173,-80.546111
44443,40.921002,-80.590583
44444,41.175636,-80.977665
44445,40.84777,-80.617109
44446,41.189531,-80.747534
44449,40.974814,-81.022475
44450,41.445707,-80.81962
44451,41.079368,-80.868193
44452,40.947372,-80.664007
44454,40.923729,-80.545358
44455,40.7723,-80.610166
44460,40.902815,-80.868743
44470,41.30031,-80.972747
44471,41.051053,-80.590566
44473,41.246554,-80.662661
44481,41.176592,-80.902499
44483,41.26359,-80.817044
44484,41.235541,-80.74975
44485,41.240379,-80.847801
44490,40.900361,-80.768289
44491,41.369969,-80.96365
44493,40.82192,-80.888597
44502,41.082788,-80.639487
44503,41.099326,-80.649074
44504,41.123512,-80.654651
44505,41.12792,-80.617554
44506,41.093003,-80.626397
44507,41.074284,-80.655445
44509,41.110908,-80.697158
44510,41.122254,-80.673433
44511,41.069085,-80.696703
44512,41.025937,-80.666955
44514,40.995891,-80.608267
44515,41.102896,-80.761275
44555,41.10726,-80.648749
44601,40.918593,-81.128745
44606,40.734706,-81.800147
44607,40.695908,-81.026873
44608,40.656404,-81.592795
44609,40.912311,-80.989812
44610,40.560865,-81.800867
44611,40.610102,-82.074983
44612,40.633088,-81.476036
44613,40.711517,-81.607777
44614,40.888221,-81.587803
44615,40.565805,-81.078601
44618,40.770383,-81.681101
44619,40.905254,-80.954455
44620,40.585628,-81.227832
44621,40.432127,-81.288171
44622,40.551338,-81.483514
44624,40.622225,-81.659302
44625,40.714017,-81.022561
44626,40.693933,-81.389306
44627,40.664104,-81.83643
44628,40.544491,-82.148485
44629,40.349496,-81.453226
44630,40.92694,-81.404064
44632,40.963037,-81.305397
44633,40.629759,-81.935268
44634,40.837991,-81.041397
44637,40.480346,-82.029657
44638,40.647134,-82.132629
44639,40.451729,-81.20975
44640,40.985543,-81.150705
44641,40.858219,-81.245344
44643,40.638346,-81.308871
44644,40.687649,-81.178209
44645,40.90974,-81.718168
44646,40.814381,-81.497182
44647,40.794393,-81.56498
44651,40.621287,-80.96177
44652,40.9008,-81.330166
44653,40.437293,-81.371353
44654,40.537937,-81.870867
44656,40.568393,-81.327664
44657,40.744724,-81.094903
44659,40.6948,-81.701825
44660,40.624212,-81.772588
44661,40.585377,-82.117401
44662,40.71099,-81.555052
44663,40.46048,-81.44958
44665,40.835554,-80.987051
44666,40.841878,-81.639934
44667,40.833793,-81.765184
44669,40.788312,-81.150684
44670,40.763006,-81.187916
44671,40.645174,-81.36568
44672,40.920003,-81.025268
44675,40.503967,-81.250464
44676,40.690775,-82.033802
44677,40.874634,-81.858587
44678,40.564797,-81.364165
44680,40.598967,-81.544039
44681,40.500822,-81.663619
44682,40.397787,-81.403463
44683,40.364772,-81.325071
44685,40.955405,-81.424372
44687,40.539465,-81.710347
44688,40.683908,-81.255382
44689,40.647624,-81.659231
44690,40.613106,-81.693638
44691,40.806029,-81.977588
44693,40.297769,-81.188203
44695,40.442011,-81.170166
44697,40.60804,-81.407271
44699,40.288793,-81.289004
44702,40.799837,-81.376725
44703,40.810948,-81.381347
44704,40.800042,-81.343062
44705,40.833287,-81.332021
44706,40.753824,-81.419797
44707,40.760321,-81.347116
44708,40.816563,-81.435458
44709,40.842205,-81.386331
44710,40.789613,-81.426572
44714,40.836317,-81.358279
44718,40.8484,-81.450468
44720,40.903454,-81.433282
44721,40.893066,-81.318113
44730,40.767017,-81.265784
44802,41.045338,-83.41911
44804,41.107053,-83.535376
44805,40.87322,-82.322775
44807,41.061226,-82.864336
44809,41.132103,-83.293978
44811,41.246317,-82.846599
44813,40.599849,-82.529699
44814,41.324106,-82.47216
44815,41.24692,-83.23945
44817,41.204134,-83.545038
44818,40.998342,-82.989373
44820,40.818352,-82.971722
44822,40.556723,-82.398088
44824,41.383272,-82.805888
44825,40.954424,-82.941927
44826,41.24234,-82.477643
44827,40.822444,-82.75506
44828,41.233963,-82.859475
44830,41.167936,-83.398998
44833,40.709559,-82.795815
44836,41.237162,-83.062895
44837,41.021221,-82.472683
44838,40.771565,-82.256155
44839,41.379796,-82.549616
44840,40.791875,-82.173115
44841,41.251253,-83.311346
44842,40.649212,-82.224849
44843,40.689497,-82.407602
44844,40.992169,-83.258362
44846,41.319407,-82.605833
44847,41.230414,-82.712888
44849,40.8086,-83.131857
44850,41.035393,-82.684018
44851,41.109176,-82.391571
44853,41.055022,-83.303993
44854,40.943647,-82.867843
44855,41.108739,-82.574938
44856,40.793984,-82.856263
44857,41.216499,-82.577642
44859,41.021963,-82.330724
44861,41.24259,-83.14623
44864,40.667625,-82.320628
44865,40.991575,-82.689436
44866,40.924,-82.197783
44867,41.149035,-82.98222
44870,41.41952,-82.713212
44874,40.969379,-82.369629
44875,40.889956,-82.651706
44878,40.951007,-82.520651
44880,41.033472,-82.218901
44881,40.870304,-82.876744
44882,40.946679,-83.14022
44883,41.124173,-83.173639
44887,40.916196,-82.790658
44889,41.245882,-82.382433
44890,41.085172,-82.710562
44901,40.763934,-82.512509
44902,40.758885,-82.510962
44903,40.776223,-82.526824
44904,40.663703,-82.614459
44905,40.778593,-82.46738
44906,40.764486,-82.574974
44907,40.727662,-82.520406
45001,39.138123,-84.712834
45002,39.198531,-84.763113
45003,39.586583,-84.78647
45005,39.528928,-84.289524
45011,39.426575,-84.497637
45013,39.413632,-84.652679
45014,39.325714,-84.55239
45015,39.374319,-84.56116
45030,39.257248,-84.763252
45032,39.502575,-84.00757
45033,39.179645,-84.764695
45034,39.356535,-84.246301
45036,39.443045,-84.216366
45039,39.327409,-84.236695
45040,39.350783,-84.313198
45041,39.210865,-84.702469
45042,39.556885,-84.420158
45044,39.482404,-84.410243
45050,39.444369,-84.36591
45051,39.099843,-84.655127
45052,39.144456,-84.779062
45053,39.354057,-84.787824
45054,39.438829,-84.085062
45055,39.457057,-84.510899
45056,39.487425,-84.737908
45062,39.483783,-84.555516
45064,39.570754,-84.610259
45065,39.370555,-84.213952
45066,39.547963,-84.217555
45067,39.494819,-84.480997
45068,39.529427,-84.040548
45069,39.343522,-84.412333
45070,39.589695,-84.558089
45101,38.697011,-83.726747
45102,39.01719,-84.204345
45103,39.091617,-84.143715
45105,38.750434,-83.612373
45106,38.94502,-84.064915
45107,39.287524,-83.97645
45111,39.201067,-84.287019
45112,38.794854,-84.140047
45113,39.39992,-83.985441
45115,38.808172,-83.707293
45118,39.172764,-83.917149
45119,38.878121,-83.999247
45120,38.828417,-84.090026
45121,38.866852,-83.908302
45122,39.225626,-84.129368
45123,39.348842,-83.388803
45130,38.908827,-83.998997
45131,38.789761,-83.966967
45132,39.343936,-83.599545
45133,39.159797,-83.571065
45135,39.347615,-83.541912
45140,39.254473,-84.24693
45142,39.207984,-83.803451
45144,38.704212,-83.615092
45146,39.314119,-83.804201
45147,39.210768,-84.302556
45148,39.290218,-83.887266
45150,39.166469,-84.230391
45152,39.351487,-84.120225
45153,38.862812,-84.189637
45154,39.063432,-83.916821
45155,39.042506,-83.752161
45156,38.809892,-84.213589
45157,38.953739,-84.23017
45158,39.182278,-84.077712
45159,39.336834,-83.691742
45160,39.123667,-84.136971
45162,39.269737,-84.074728
45164,39.553223,-83.785515
45166,39.476597,-83.687759
45167,38.781664,-83.789733
45168,38.849817,-83.770281
45169,39.506479,-83.650882
45171,39.013609,-83.796419
45172,39.074472,-83.386883
45174,39.15856,-84.312243
45176,39.079262,-84.029729
45177,39.46069,-83.844305
45202,39.106735,-84.504181
45203,39.105294,-84.533529
45204,39.089567,-84.578107
45205,39.110461,-84.575085
45206,39.12732,-84.484568
45207,39.141955,-84.471226
45208,39.13523,-84.433911
45209,39.153397,-84.42757
45211,39.158667,-84.599661
45212,39.164019,-84.451781
45213,39.181181,-84.420046
45214,39.115007,-84.534356
45215,39.235399,-84.462189
45216,39.200543,-84.4811
45217,39.166056,-84.497807
45218,39.266233,-84.519763
45219,39.126624,-84.512017
45220,39.146693,-84.520265
45223,39.170996,-84.551359
45224,39.20218,-84.53224
45225,39.143842,-84.555469
45226,39.111687,-84.421674
45227,39.153237,-84.385795
45229,39.153472,-84.486186
45230,39.073748,-84.389281
45231,39.247501,-84.534837
45232,39.185714,-84.52027
45233,39.116886,-84.672637
45236,39.209678,-84.397222
45237,39.19458,-84.451017
45238,39.109225,-84.608841
45239,39.203628,-84.580624
45240,39.286209,-84.525958
45241,39.276293,-84.399719
45242,39.242803,-84.352996
45243,39.188557,-84.336021
45244,39.114121,-84.326346
45245,39.059884,-84.280417
45246,39.290213,-84.463826
45247,39.216693,-84.661108
45248,39.164388,-84.662306
45249,39.275264,-84.326879
45251,39.27464,-84.597838
45252,39.270192,-84.628137
45255,39.059554,-84.328333
45267,39.138086,-84.503156
45301,39.710981,-84.023014
45302,40.40591,-84.20915
45303,40.213971,-84.659636
45304,39.98145,-84.525031
45305,39.640797,-84.085678
45306,40.459234,-84.187139
45307,39.580612,-83.72337
45308,40.129279,-84.457368
45309,39.842677,-84.414725
45310,40.352937,-84.642673
45311,39.628776,-84.658891
45312,40.052155,-84.093025
45314,39.742042,-83.780962
45315,39.857729,-84.338773
45316,39.797545,-83.825229
45317,40.178273,-84.018217
45318,40.127006,-84.354408
45319,39.91607,-83.943293
45320,39.750658,-84.681309
45321,39.865253,-84.686962
45322,39.903342,-84.328333
45323,39.851424,-83.92798
45324,39.820725,-84.00029
45325,39.692609,-84.430204
45326,40.13991,-84.094457
45327,39.62876,-84.403005
45328,40.116253,-84.496755
45330,39.648272,-84.528668
45331,40.098606,-84.650546
45332,40.000294,-84.775986
45333,40.249464,-84.331774
45334,40.443193,-84.047814
45335,39.639814,-83.741198
45336,40.442745,-84.257263
45337,39.981474,-84.4226
45338,39.85093,-84.543947
45339,40.008963,-84.340718
45340,40.368571,-84.052152
45341,39.87286,-84.022857
45342,39.629338,-84.275969
45344,39.953828,-84.009674
45345,39.739216,-84.399306
45346,39.982115,-84.709956
45347,39.88593,-84.763137
45348,40.329969,-84.656386
45349,39.989039,-83.940579
45350,40.324724,-84.573602
45351,40.339553,-84.495733
45352,40.05012,-84.744314
45353,40.292575,-84.042717
45354,39.910374,-84.399831
45356,40.16284,-84.22821
45358,39.987264,-84.48778
45359,40.04993,-84.350787
45360,40.330159,-84.092195
45361,39.963712,-84.414821
45362,40.292481,-84.627731
45363,40.239309,-84.400067
45365,40.28258,-84.155811
45368,39.844915,-83.647979
45369,39.952673,-83.594162
45370,39.608378,-84.033025
45371,39.940927,-84.166021
45372,40.013912,-83.83835
45373,40.033003,-84.195649
45377,39.904039,-84.218097
45378,39.902945,-84.487797
45380,40.241975,-84.508298
45381,39.730594,-84.524349
45382,39.901521,-84.611919
45383,39.957266,-84.333053
45384,39.715548,-83.889109
45385,39.669076,-83.913955
45387,39.799356,-83.887616
45388,40.327999,-84.48022
45389,40.056317,-84.025348
45390,40.215198,-84.760541
45402,39.760114,-84.207627
45403,39.763363,-84.149693
45404,39.788496,-84.152717
45405,39.79216,-84.216028
45406,39.785386,-84.242215
45409,39.721305,-84.18797
45410,39.747587,-84.159031
45414,39.839394,-84.210719
45415,39.835581,-84.257387
45416,39.807522,-84.2578
45417,39.733066,-84.283296
45419,39.714311,-84.167597
45420,39.718818,-84.129169
45423,39.760399,-84.191116
45424,39.851322,-84.102669
45426,39.80079,-84.313501
45428,39.742142,-84.259544
45429,39.683588,-84.162737
45430,39.718073,-84.077407
45431,39.763835,-84.084204
45432,39.739828,-84.086034
45433,39.822834,-84.048504
45434,39.721385,-84.031824
45435,39.781088,-84.063113
45439,39.698375,-84.229497
45440,39.673379,-84.099895
45449,39.664147,-84.237985
45458,39.602396,-84.156357
45459,39.646459,-84.166955
45469,39.740327,-84.17911
45501,39.926336,-83.807448
45502,40.001239,-83.899983
45503,39.965081,-83.767539
45504,39.94697,-83.864897
45505,39.901667,-83.757452
45506,39.90802,-83.83667
45601,39.31206,-82.957071
45612,39.207005,-83.278842
45613,39.034216,-82.8509
45614,38.929682,-82.277557
45616,38.73961,-83.286593
45617,39.279642,-83.155586
45618,38.885073,-83.616344
45619,38.462544,-82.45018
45620,38.955874,-82.147719
45621,39.11137,-82.609935
45622,39.352281,-82.487428
45623,38.641686,-82.269786
45624,39.173003,-83.348687
45628,39.389145,-83.1938
45629,38.657569,-82.815894
45630,38.697389,-83.092891
45631,38.821751,-82.264305
45634,39.184362,-82.486496
45636,38.581698,-82.816421
45638,38.5558,-82.671915
45640,39.019728,-82.656314
45642,39.046916,-83.054118
45644,39.447656,-82.834693
45645,38.566362,-82.52701
45646,39.07517,-83.322786
45647,39.301238,-82.732413
45648,38.918087,-83.007686
45650,38.738293,-83.422328
45651,39.28542,-82.483478
45652,38.828197,-83.079769
45653,38.889635,-82.821976
45654,39.366468,-82.377742
45656,38.876478,-82.591255
45657,38.843669,-83.236462
45658,38.762928,-82.411555
45659,38.654972,-82.64113
45660,38.988229,-83.356545
45661,39.045633,-83.10822
45662,38.792267,-82.911915
45663,38.736204,-83.109841
45669,38.498413,-82.358442
45671,38.970254,-83.248012
45672,39.221241,-82.665745
45673,39.203982,-82.811523
45674,38.877863,-82.380851
45677,38.79599,-82.755727
45678,38.610443,-82.379581
45679,38.977837,-83.570978
45680,38.467808,-82.546829
45681,39.299738,-83.257847
45682,38.806931,-82.694911
45684,38.651433,-83.19063
45685,38.931803,-82.456541
45686,39.009319,-82.367941
45688,38.73108,-82.54324
45690,39.145655,-83.024997
45692,39.115798,-82.542036
45693,38.807713,-83.532368
45694,38.743875,-82.780883
45695,39.161543,-82.372654
45696,38.601161,-82.452107
45697,38.931585,-83.673684
45698,39.294292,-82.400525
45699,38.874131,-82.970465
45701,39.311687,-82.073928
45710,39.19594,-82.211062
45711,39.428321,-81.931975
45714,39.316984,-81.614345
45715,39.610699,-81.627327
45716,39.46297,-82.184187
45719,39.400194,-82.128464
45720,39.093601,-81.923103
45721,39.565814,-81.58343
45723,39.226262,-81.823473
45724,39.383437,-81.800411
45727,39.645643,-81.478612
45729,39.418373,-81.604397
45732,39.517019,-82.064004
45734,39.641144,-81.195651
45735,39.245036,-81.920415
45739,39.19112,-81.746416
45740,39.47703,-82.080095
45741,39.075065,-82.247077
45742,39.287076,-81.730393
45743,39.075298,-81.834846
45744,39.548772,-81.493979
45745,39.606169,-81.329638
45746,39.597408,-81.45095
45750,39.429838,-81.432131
45760,39.018527,-82.129729
45761,39.425792,-82.075353
45764,39.442492,-82.231499
45766,39.319164,-82.262797
45767,39.544917,-81.13838
45768,39.415575,-81.25726
45769,39.109284,-82.05104
45770,38.98717,-81.807365
45771,38.987538,-81.902514
45772,39.148706,-81.819169
45773,39.437542,-81.270726
45775,39.087585,-82.155962
45776,39.18141,-82.024066
45778,39.353532,-81.893066
45779,39.001232,-81.970716
45780,39.370424,-82.130958
45782,39.48587,-82.08165
45783,39.175076,-81.839287
45784,39.388308,-81.677855
45786,39.502663,-81.655053
45788,39.509259,-81.378514
45789,39.551276,-81.255011
45801,40.772863,-84.034098
45804,40.709623,-84.061153
45805,40.72777,-84.162772
45806,40.67244,-84.126166
45807,40.805996,-84.171653
45808,40.831504,-83.973358
45809,40.843049,-84.185096
45810,40.784394,-83.813286
45812,40.681862,-83.813832
45813,41.192303,-84.733158
45814,40.899099,-83.604267
45815,41.156945,-83.942593
45816,41.004537,-83.794005
45817,40.878759,-83.883975
45819,40.623958,-84.260391
45820,40.830753,-84.084489
45821,41.225764,-84.560946
45822,40.555729,-84.598627
45826,40.436217,-84.493693
45827,40.998103,-84.298851
45828,40.483642,-84.682889
45830,40.90846,-84.095933
45831,41.11376,-84.254987
45832,40.926421,-84.730092
45833,40.832782,-84.352902
45835,40.754415,-83.699893
45836,40.793407,-83.643202
45838,40.740406,-84.477816
45840,41.025894,-83.648894
45841,40.881236,-83.731999
45843,40.786339,-83.546244
45844,40.913832,-84.287383
45845,40.331338,-84.382544
45846,40.412021,-84.74813
45848,41.024493,-84.077088
45849,41.013772,-84.446662
45850,40.704713,-83.918297
45851,41.032676,-84.602883
45853,40.986494,-84.195186
45854,40.760105,-83.952122
45855,41.088192,-84.58349
45856,41.111757,-83.999825
45858,41.107169,-83.80211
45859,40.693054,-83.785735
45860,40.40033,-84.517378
45861,41.085878,-84.425651
45862,40.670523,-84.515236
45863,40.910754,-84.452522
45864,41.100214,-84.136736
45865,40.394258,-84.372922
45866,40.48878,-84.550493
45867,40.895538,-83.538416
45868,40.97097,-83.851238
45869,40.456841,-84.390491
45870,40.556255,-83.951444
45871,40.489115,-84.294025
45872,41.189167,-83.682423
45873,41.117833,-84.390235
45874,40.787757,-84.681229
45875,41.01966,-84.058602
45876,40.934176,-84.338664
45877,40.959121,-83.933578
45879,41.128322,-84.563105
45880,41.067867,-84.741558
45881,40.946247,-83.780047
45882,40.683429,-84.677293
45883,40.399494,-84.619593
45884,40.546709,-84.084183
45885,40.569863,-84.390644
45886,40.9969,-84.620781
45887,40.710853,-84.365128
45888,40.602322,-84.085692
45889,41.152611,-83.638601
45890,40.979927,-83.494768
45891,40.873982,-84.577107
45893,40.881452,-84.145379
45894,40.759426,-84.471117
45895,40.563033,-84.145293
45896,40.607869,-83.942108
45897,40.84148,-83.656145
45898,40.733947,-84.751052
45899,40.802675,-84.772307
